Ortholog	Log2FC	Label
K01904	-3.097972111	4CL
K18120	0.722458746	4hbD, abfH
K01907	-0.728531282	AACS, acsA
K18118	0.693901768	aarC, cat1
K05939	-1.080749916	aas
K14157	6.012410425	AASS
K15631	-1.64209862	ABA3
K13524	-0.390637854	ABAT
K20844	-1.889188555	abf1
K01209	-0.903017306	abfA
K14534	-0.904351841	abfD
K08295	-0.324895414	abmG
K07513	-2.132260075	ACAA1
K07508	-1.773813352	ACAA2
K11262	-0.434966867	ACACA
K00255	-6.054419524	ACADL
K00249	-0.862848894	ACADM, acd
K00248	1.641374349	ACADS, bcd
K09478	-2.985005014	ACADSB
K00626	0.362384246	ACAT, atoB
K19978	-3.658959602	acbK
K01962	-0.755461968	accA
K02160	-0.484165504	accB, bccP
K01961	0.418613924	accC
K01963	-1.223932819	accD
K18472	-2.312417255	accD6
K16173	-7.036947211	acd
K01905	0.379756722	acdA
K11410	-2.642977993	acdH
K01638	-0.091938497	aceB, glcB
K00163	0.869001583	aceE
K04711	-3.447233275	ACER3, YDC1
K01049	0.760570375	ACHE
K00925	0.621557526	ackA
K15230	-2.971625398	aclA
K15231	-4.834589655	aclB
K01648	-8.954206746	ACLY
K18371	-5.159854553	acmA
K18372	0.315146691	acmB
K03392	-0.976039314	ACMSD
K01682	0.025255574	acnB
K20455	-0.079424372	acnD
K01681	0.295988607	ACO, acnA
K17450	-0.060919035	ACO2
K01068	-5.957183636	ACOT1_2_4
K11992	-2.321385766	ACOT8, PTE
K14394	1.326910412	ACP1
K08682	-0.722973871	acpH
K00997	0.780400649	acpS
K14138	-4.737775633	acsB
K15023	-0.075796141	acsE
K18660	4.18026175	ACSF3
K01897	0.969886665	ACSL, fadD
K01895	0.163948056	ACSS1_2, acs
K01908	-0.770586088	ACSS3, prpE
K05553	-1.952970818	actI3, oxyC, tcmM, snoa3, aknD, mtmS
K12420	-4.104019306	actIII, oxyJ, snoaD, aknA
K05555	0.965809395	actIV
K05556	-3.217914646	actVI1, RED1
K19745	-0.481626799	acuI
K01512	2.27518845	acyP
K01574	1.221999864	adc
K18286	-6.190083041	add
K01488	0.40443058	add, ADA
K21053	-1.965129952	ade
K01486	-0.267832331	ade
K11808	5.329905263	ADE2
K11788	-0.054148099	ADE5
K18382	-4.992635908	adh1
K18369	0.938389602	adh2
K04072	1.287723411	adhE
K13953	2.030136679	adhP
K01584	0.69563055	adiA
K00856	-1.080293761	ADK, adoK
K00939	0.283721013	adk, AK
K17644	-3.184013855	AFLD, NOR-1
K01432	0.849593969	AFMID
K02079	-5.748981566	agaA
K10985	-1.776050199	agaC
K10986	5.787736991	agaD
K02747	2.410135884	agaE
K02744	-1.035476576	agaF
K02745	2.489916835	agaV
K02746	2.174883935	agaW
K01196	-2.706758999	AGL
K01085	1.115949711	agp
K13509	-6.746913496	AGPAT1_2
K18201	-1.903988779	AGPHD1
K00803	-1.977871767	AGPS, agpS
K10536	0.006885893	aguA
K12251	0.624163061	aguB
K00830	-1.987788789	AGXT
K00827	6.320902254	AGXT2
K01251	-0.738785867	AHCY, ahcY
K22003	3.905118886	ais
K18532	3.373190292	AK6, FAP7
K00002	-4.033296792	AKR1A1, adh
K00011	-5.37995914	AKR1B
K15303	-2.344876148	AKR7
K10978	4.669951565	aksF
K15745	-5.939266156	AL1
K17841	-4.962550216	AL2
K19244	-0.284293546	ala
K14260	0.145705545	alaA
K01477	-3.09996227	alc, ALLC
K00259	-0.030559514	ald
K07248	-0.464597475	aldA
K00138	0.751729222	aldB
K00128	0.093063929	ALDH
K14519	0.474194846	aldH
K13877	0.996909905	aldH
K07249	-6.412144532	ALDH1A
K00129	-1.23828885	ALDH3
K01623	-0.178361863	ALDO
K03842	-2.507447983	ALG1
K03850	-5.577798111	ALG10
K03844	1.429966251	ALG11
K03847	-4.006723249	ALG12
K07432	-5.014560993	ALG13
K07441	-3.957940789	ALG14
K03843	-1.888893974	ALG2
K03845	-1.083443855	ALG3
K19291	-8.020602267	alg44
K00729	-7.280043628	ALG5
K03848	-5.267709402	ALG6
K01001	-0.105572291	ALG7
K19290	-1.13182892	alg8
K03849	0.75148662	ALG8
K03846	0.20364685	ALG9
K16011	-0.797886641	algA, xanB, rfbA, wbpW, pslB
K00066	0.538998146	algD
K01795	-0.49780206	algG
K01729	-2.476505548	algL
K04116	-4.284597328	aliA
K00496	-1.860999718	alkB1_2, alkM
K01483	-1.759924104	allA
K01466	-1.010905698	allB
K02083	-0.742498219	allC
K00073	-3.323493788	allD
K01775	0.624481296	alr
K01575	-1.229469252	alsD, budA, aldC
K17195	-2.746583685	alsE
K00881	-1.300719781	alsK
K07102	-0.191274004	amgK
K01241	-1.002381666	amn
K15067	-4.114905146	amnD
K01490	-1.000206606	AMPD
K01176	-0.672111493	AMY, amyA, malS
K16319	-2.678930592	andAc
K16320	-3.151972577	andAd
K05599	-0.672861623	antA
K05600	-0.786324753	antB
K00276	-1.308514819	AOC3, AOC2, tynA
K03738	-1.348430516	aor
K00988	-2.407556781	APA1_2
K01525	0.564761288	apaH
K15635	-1.050056678	apgM
K03788	-1.967868592	aphA
K01093	-8.74162222	appA
K00394	-4.397272194	aprA
K00395	-5.789735714	aprB
K00759	1.098198383	APRT, apt
K01804	1.223366686	araA
K13873	6.810996992	araA
K00853	-1.301577634	araB
K13874	0.427197483	araB
K13875	0.464190712	araC
K13876	0.279490388	araD
K03077	1.90871067	araD, ulaF, sgaE, sgbE
K00096	-1.04455369	araM, egsA
K01478	0.675667889	arcA
K00926	0.614109087	arcC
K17738	4.832643865	ARD
K17818	-6.915519017	ARD1
K00618	4.785953806	ARG2
K12659	-0.010333345	ARG56
K00619	-1.245302621	argA
K14682	0.027964708	argAB
K00930	0.220864901	argB
K00145	0.185730505	argC
K00821	-0.322080518	argD
K01438	-0.168471857	argE
K09065	1.344942339	argF
K01940	0.468491151	argG, ASS1
K01755	0.267405953	argH, ASL
K00620	0.153166149	argJ
K10011	-0.151208547	arnA, pmrI
K07806	-1.102769471	arnB, pmrH
K10012	0.33107553	arnC, pmrF
K13014	0.911346892	arnD
K07264	0.022320865	arnT, pmrK
K13830	-1.801580879	ARO1
K12732	7.071670922	ARO10
K00838	-6.553870768	ARO8
K00800	0.009524771	aroA
K04516	0.355038715	AROA1, aroA
K03856	0.127011482	AROA2, aroA
K01735	0.540955828	aroB
K01736	0.801309616	aroC
K03785	-0.893894643	aroD
K00014	0.741603105	aroE
K13853	3.164588861	aroG, aroA
K06208	1.560605312	aroH
K00891	-0.026722928	aroK, aroL
K13829	0.979216461	aroKB
K03786	0.954733528	aroQ, qutE
K01134	-2.910003239	ARSA
K01135	2.3502592	ARSB
K12252	3.341012176	aruH
K12253	-4.425785115	aruI
K12349	0.910551738	ASAH2
K12452	2.882075753	ascC, ddhC, rfbH
K00523	2.384523996	ascD, ddhD, rfbI
K02753	-1.4828891	ascF
K00133	1.173054254	asd
K09758	-1.072445457	asdA
K06101	-6.6690417	ASH1L
K01914	-0.175362303	asnA
K01953	0.062085059	asnB, ASNS
K01744	1.272308552	aspA
K01437	0.842135655	ASPA, aspA
K00812	0.71876211	aspB
K00813	-3.145428518	aspC
K05597	1.470644403	aspQ, ansB, ansA
K16950	-0.122871405	asrA
K16951	4.845532713	asrB
K00385	-0.293582299	asrC
K00673	-1.230366427	astA
K01484	-0.581260033	astB
K00840	1.057466035	astC
K06447	-0.709416082	astD
K05526	0.752258305	astE
K17900	-5.478886865	ATG15, AUT5
K01035	-0.563356291	atoA
K01034	-1.419876817	atoD
K00630	-4.239808115	ATS1
K13774	-2.610242309	atuB
K13778	0.262147742	atuC
K11731	-0.125735764	atuD
K13779	-6.887450704	atuE
K13777	0.216298571	atuF
K13775	2.966966597	atuG
K13776	1.313215921	atuH
K15320	-6.829949615	ATX, chlB1, mdpB
K03383	-6.164100122	atzD
K19837	-1.833940945	atzE
K01457	0.300535391	atzF
K05607	-3.314780961	AUH
K14371	-1.391992442	aveA1
K17645	-1.175057439	AVNA, CYP60A1
K00835	-0.767218465	avtA
K06123	-2.739884338	AYR1
K19243	-1.792826283	azf
K06153	0.738620537	bacA
K19548	-2.168696982	bacC
K19550	-3.445088785	bacG
K04110	-5.646406421	badA
K07535	-2.796930346	badH
K07536	-3.39568816	badI
K07534	-5.879658929	badK
K19794	5.780178083	bar
K00471	2.083700237	BBOX1
K07546	-2.553171529	bbsH
K11263	0.306425867	bccA, pccA, accA3
K11337	-3.962992206	bchC
K04034	-0.011192179	bchE
K11336	-6.791928853	bchF
K03428	2.426357936	bchM, chlM
K11333	-1.409371097	bchX
K11334	1.048925811	bchY
K11335	-8.310726478	bchZ
K00166	-0.884843916	BCKDHA, bkdA1
K00167	-0.740836362	BCKDHB, bkdA2
K01003	-4.103231493	bcpA
K04114	-6.288735445	bcrA, badF
K19302	0.313829209	bcrC
K21681	3.599240365	bcs1
K00694	-0.757701926	bcsA
K00004	1.439648577	BDH, butB
K00019	-0.689568945	BDH1, bdhA
K00100	2.230111853	bdhAB
K05549	-1.826130538	benA-xylX
K05550	-2.716113166	benB-xylY
K05784	-3.192095934	benC-xylZ
K05783	-0.632805904	benD-xylL
K00108	-0.060017417	betA, CHDH
K00130	0.198836106	betB, gbsA
K03594	0.698422874	bfr
K12308	1.151664793	bgaB, lacA
K05350	-1.899703996	bglB
K05349	-0.140634677	bglX
K19562	2.730305457	BIO3-BIO1
K00833	1.427403949	bioA
K19563	0.181131705	bioA, bioK
K01012	0.478473795	bioB
K02169	-0.233810976	bioC
K01935	-1.27120801	bioD
K00652	0.623143525	bioF
K09789	3.586724171	bioG
K02170	0.155855874	bioH
K16593	-3.102353115	bioI, CYP107H
K01906	1.223383929	bioW
K03524	0.377906313	birA
K01947	-5.803065791	birA-coaX
K08351	1.206045371	bisC
K11381	1.708549648	bkdA
K04719	-3.464596397	bluB
K14264	3.890579597	BNA3
K14263	-3.220137019	BNA7
K08690	4.879917791	bphB
K18364	-2.792171051	bphH, xylJ, tesE
K18365	1.073849689	bphI, xylK, nahM, tesG
K18366	-2.593214246	bphJ, xylQ, nahO, tesF
K01612	0.561334836	bsdC
K13621	-3.039522996	BTA1
K13622	-0.762784542	btaA
K13623	0.596723777	btaB
K18009	2.330295841	budC
K00929	-0.300126892	buk
K03366	0.835822468	butA, budC
K21624	-2.968436374	c3lhypd
K01674	-0.176276361	cah
K01060	0.279618479	cah
K17716	-1.955360075	capD
K01956	0.517275478	carA, CPA1
K01955	0.786345492	carB, CPA2
K17819	-2.268949765	carD
K19787	-1.118383433	CARNMT1
K01255	0.491032828	CARP, pepA
K19664	2.675215742	carS
K17842	-3.889721638	carT, CAO-2
K18122	1.378341665	cat2, abfT
K03381	-0.094569987	catA
K01856	0.119664666	catB
K03464	-0.144090468	catC
K07104	-0.098767069	catE
K01442	0.182296103	cbh
K01225	-1.271148876	CBH1
K19668	-0.394891561	CBH2, cbhA
K02227	-0.117235367	cbiB, cobD
K02188	0.701361017	cbiD
K03399	0.578571571	cbiE
K02189	0.595091276	cbiG
K13541	-0.64087868	cbiGH-cobJ
K21479	2.950177064	cbiH60
K02190	0.687081992	cbiK
K02191	0.216937853	cbiT
K03795	0.410546171	cbiX
K08260	-3.96289142	cbiZ
K01697	-0.370543251	CBS
K14446	-7.67659335	ccr
K17829	-2.347650597	ccrA
K01208	0.509746817	cd, ma, nplT
K01489	-0.025061116	cdd, CDA
K01521	-0.167601903	cdh
K00194	-6.247285043	cdhD, acsD
K00197	-6.095470644	cdhE, acsC
K00999	6.920478742	CDIPT
K00456	-4.827096933	CDO1
K19572	-3.566451346	CECR1, ADA2
K04127	-2.136823115	cefD
K02760	-0.345383167	celA, chbB
K19357	-3.811642126	CELB
K02761	-0.239783584	celB, chbC
K02759	-0.789586839	celC, chbA
K01044	-3.742101195	CES1
K03927	-6.046672647	CES2
K22012	-4.930477136	cfbB
K21612	-2.496348349	cfbE
K18675	-3.111152293	chbP
K13381	-5.554151644	chiA
K04039	0.42242666	chlB
K03404	-1.198293642	chlD, bchD
K04040	-5.309212897	chlG, bchG
K03403	-2.155090223	chlH, bchH
K03405	-1.694085448	chlI, bchI
K04037	5.279872995	chlL
K04038	-0.023942936	chlN
K10960	-2.27638365	chlP, bchP
K03379	-0.548904984	chnB
K19961	7.982353139	chnD
K19962	-6.229774356	chnE
K17103	0.061992201	CHO1, pssA
K16369	-1.715094919	CHO2
K03333	0.150578894	choD
K04098	-6.629452432	chqB
K00698	-0.307981784	CHS1
K09011	-0.670407057	cimA
K20248	-3.406437206	cinI
K00866	-8.227077715	CKI1
K13535	5.27911058	CLD1
K12724	-3.208572117	cloN7, couN7
K06131	-0.543450141	clsA_B
K06132	-1.187745141	clsC
K21749	4.07005595	CMAS
K00945	0.021064927	cmk
K14334	-2.860784107	CMLE
K18572	1.078066988	cmmT, thnT
K00499	-1.351007921	CMO
K13800	-5.635559227	CMPK1, UMPK
K10619	-6.3018844	cmtAb
K16303	-2.587499558	cmtAc
K02798	0.535568563	cmtB
K00867	0.5288116	coaA
K21977	-1.796592013	coaB
K13038	1.295120761	coaBC, dfp
K00859	0.749875753	coaE
K03525	1.951835602	coaX
K02303	2.157958174	cobA
K19221	-0.779646088	cobA, btuR
K13542	1.090350202	cobA-hemD
K02224	-0.479317668	cobB-cbiA
K02226	0.967550299	cobC, phpB
K02225	3.350002257	cobC1, cobC
K04720	-0.653343699	cobD
K02228	-4.607272408	cobF
K02229	-0.90363727	cobG
K06042	0.236970996	cobH-cbiC
K03394	-0.046486971	cobI-cbiL
K13540	-0.726294596	cobIJ
K05934	-0.03718395	cobJ, cbiH
K05895	-0.441304178	cobK-cbiJ
K00595	0.58694827	cobL-cbiET
K05936	0.935786262	cobM, cbiF
K02230	0.008907695	cobN
K02231	1.298840808	cobP, cobU
K02232	1.170542334	cobQ, cbiP
K09882	-1.275717123	cobS
K09883	-4.502903893	cobT
K17755	-3.294052076	codA
K01485	-0.047243436	codA
K11212	-1.293766604	cofD
K12234	-4.601065678	cofE
K11781	-2.001043884	cofH
K05979	-3.138761936	comB
K16844	0.944139372	comC
K05884	1.231262208	comC
K06034	-5.722849482	comD
K01493	-0.741391802	comEB
K00545	-4.605181829	COMT
K00196	0.037198953	cooF
K00198	1.033989688	cooS, acsA
K06125	-0.759150686	COQ2
K00591	-2.321782438	COQ3
K06127	-5.60490666	COQ5
K06126	2.970556083	COQ6
K06134	0.314893905	COQ7
K02257	0.865825359	COX10, ctaB, cyoE
K02259	-0.327073245	COX15, ctaA
K02274	-0.968210976	coxA, ctaD
K02275	0.642759802	coxB, ctaC
K02276	1.61896928	coxC, ctaE
K03651	0.11121786	cpdA
K01119	-0.221448834	cpdB
K01120	-0.881238798	cpdP
K17754	-6.182564754	cpnA
K00228	1.100122837	CPOX, hemF
K08744	-0.397348859	CRLS
K17865	-0.897469563	croR
K02777	1.581969776	crr
K01715	2.068685623	crt
K02291	-0.190190397	crtB
K09845	0.087909059	crtD
K09846	-3.348813088	crtF
K10027	-2.024501979	crtI
K09835	-1.797567391	crtISO, crtH
K10209	-5.459205185	crtN
K02292	1.890145132	crtO
K10210	-5.579031522	crtP
K02294	-3.16367034	crtR
K09879	-4.331542859	crtU, cruE
K09836	-4.388263114	crtW, BKT
K14596	-1.030735276	crtX
K14606	-0.590956011	cruP
K13247	3.231989985	CRYL1
K01647	0.387710655	CS, gltA
K01233	-0.057223452	csn
K15855	-5.180419101	csxA
K14257	0.835728356	ctcP, cts4, prnC
K01758	0.069516844	CTH
K17950	-0.318404837	cuyA
K05851	-0.269616958	cyaA
K05873	0.263818406	cyaB
K00326	-3.370108331	CYB5R
K08738	1.164615385	CYC
K00425	0.693742108	cydA
K00426	1.50751767	cydB
K01725	1.286850265	cynS
K01673	0.166035677	cynT, can
K02297	-1.360749741	cyoA
K02298	0.51333662	cyoB
K15981	-7.653427026	CYP125A
K16046	-3.071094332	CYP142
K07408	-4.284995118	CYP1A1
K05917	0.652341044	CYP51
K07824	-1.604064755	CYP53A1
K14338	1.844654083	cypD_E, CYP102A, CYP505
K00860	-0.607262668	cysC
K00957	0.892547532	cysD
K00640	0.428914839	cysE
K02302	0.61898869	cysG
K00390	-0.499589848	cysH
K00381	-0.373743828	cysI
K00380	-0.776131851	cysJ
K01738	0.398749602	cysK
K12339	-0.084893102	cysM
K00956	0.340682609	cysN
K00955	1.276821756	cysNC
K01082	0.174065799	cysQ, MET22, BPNT1
K05913	0.8454551	dad
K00285	-0.945206698	dadA
K07029	0.894438057	dagK
K00863	-0.299604778	DAK, TKFC
K00007	1.027622394	dalD
K00273	-4.064757512	DAO, aao
K01714	1.247209494	dapA
K00215	0.461466632	dapB
K14267	0.325278511	dapC
K00674	0.811874226	dapD
K03340	1.946207313	dapdh
K01439	0.635290981	dapE
K01778	1.128950956	dapF
K05822	0.281700504	dapH, dapD
K05823	-0.148207063	dapL
K17100	-3.601170317	DAS
K00824	-0.347333324	dat
K19746	1.820577212	dauA
K19744	2.045789037	dauB
K14268	2.674288055	davT, gabT
K09699	-1.628983851	DBT, bkdB
K06446	-1.291667839	DCAA
K01494	1.902809759	dcd
K07537	2.480951299	dch
K15519	-0.876520251	dck
K16904	-2.591093545	DCTPP1
K03331	1.322987351	DCXR
K05396	0.080621444	dcyD
K13745	-0.932855174	ddc
K01593	-1.179305843	DDC, TDC
K06035	3.590890409	DDI2_3
K01921	0.659647846	ddl
K04712	1.49640463	DEGS
K01561	-1.361774862	dehH
K00758	1.172636042	deoA, TYMP
K01839	-0.445752205	deoB
K01619	0.922801961	deoC, DERA
K03784	-0.206669656	deoD
K04099	1.057595433	desB, galA
K13310	5.279007539	desV, eryCI
K05988	-1.165018443	dexA
K17464	-5.436124931	dgaA
K17465	0.581797566	dgaB
K17466	-3.166949241	dgaC
K17467	-2.22561886	dgaD
K17468	-1.98873878	dgaE
K17463	-6.888348508	dgaF
K11155	-5.709958929	DGAT1
K15518	0.906496311	dgk
K16368	-4.451316639	DGK1
K00887	-0.887668093	dgkA
K00901	-0.374049247	dgkA, DGK
K01631	-0.327547638	dgoA
K01684	1.011905819	dgoD
K00883	-1.077035681	dgoK
K13677	-1.059309137	dgs, bgsA
K01129	0.304653882	dgt
K01563	-3.306157548	dhaA
K06120	-3.732935458	dhaB
K05878	0.291352185	dhaK
K05879	2.673826315	dhaL
K00086	4.114230118	dhaT
K06121	-6.678392944	dhbC
K14333	-5.520660144	DHBD
K06122	0.157154091	dhbE
K09828	-0.671056446	DHCR24, DWF1
K11778	-2.475378974	DHDDS, RER2, SRT1
K00078	1.602368881	DHDH
K00287	0.05360396	DHFR, folA
K00254	0.766939388	DHODH, pyrD
K00627	-0.628420011	DLAT, aceF, pdhC
K03777	0.524969757	dld
K00382	0.478039182	DLD, lpd, pdhD
K21618	-0.205152411	DLD3
K08092	-2.170548195	dlgD
K00658	1.070475829	DLST, sucB
K03367	-0.667449243	dltA
K14188	-1.411140352	dltC
K20452	-3.577525702	dmdA
K20034	-1.995957897	dmdB
K20035	0.313146384	dmdC
K20036	-5.85827597	dmdD
K00317	1.211236838	dmd-tmd
K03418	-3.20856658	dmfA2
K00315	-1.510029102	DMGDH
K20454	-0.15009021	dml
K00446	0.932818147	dmpB, xylE
K10217	-0.951290927	dmpC, xylG, praB
K10216	5.812267694	dmpD, xylF
K01617	-7.178609408	dmpH, xylI, nahK
K16243	-2.818593781	dmpL, poxB, tomA1
K16242	-6.532896249	dmpN, poxD, tomA3
K16245	-5.139230107	dmpO, poxE, tomA4
K16246	4.322854814	dmpP, poxF, tomA5
K18853	2.791574551	dmrX
K07306	0.851137978	dmsA
K07307	0.46134827	dmsB
K07308	-0.055224685	dmsC
K00558	-0.249914143	DNMT1, dcm
K15777	-2.968488475	DODA
K15783	-0.17021321	doeA
K15784	1.304099856	doeB
K15786	-7.329884502	doeC
K15785	-2.70211822	doeD
K07252	2.25838545	DOLPP1
K11427	2.797018318	DOT1L, DOT1
K16937	-1.082189063	doxD
K13609	-2.604443869	dpkA, lhpD
K00721	0.919932815	DPM1
K09658	6.672547461	DPM2
K09659	-3.373650148	DPM3
K18693	-4.654414999	DPP1, DPPL, PLPP4_5
K01464	-0.392456433	DPYS, dht, hydA
K20498	-1.953671199	DSD1
K01753	-1.432208289	dsdA
K11180	-0.28336286	dsrA
K11181	-5.97180834	dsrB
K15428	0.662555395	DUG1
K14541	-7.979869455	DUR1
K01520	0.479853496	dut, DUT
K19073	-4.206843595	DVR
K00099	1.028524722	dxr
K01662	1.883232193	dxs
K00001	1.333463606	E1.1.1.1, adh
K00064	-0.637002361	E1.1.1.122
K00094	-0.138770413	E1.1.1.251, gatD
K12466	-4.703035073	E1.1.1.275
K00032	-6.716425814	E1.1.1.43
K18335	1.171554628	E1.1.1.434
K18333	-1.542926517	E1.1.1.435
K05296	0.765136434	E1.1.1.51
K00038	3.007606844	E1.1.1.53
K05275	0.066094504	E1.1.1.65
K00045	-0.614285923	E1.1.1.67, mtlK
K05351	-0.705320419	E1.1.1.9
K00055	1.941514382	E1.1.1.90
K00105	-0.548474928	E1.1.3.21
K08261	-2.314323834	E1.1.99.21
K06151	-0.39391028	E1.1.99.3A
K06152	-2.19207026	E1.1.99.3G
K00423	-3.388008007	E1.10.3.3
K00450	0.085445101	E1.13.11.4
K00467	-1.6588486	E1.13.12.4
K00480	-1.625160673	E1.14.13.1
K09461	-0.962447537	E1.14.13.40
K03380	0.036618461	E1.14.13.7
K04035	-0.765219136	E1.14.13.81, acsF, chlE
K00508	-2.150229484	E1.14.19.3
K00525	-0.00787022	E1.17.4.1A, nrdA, nrdE
K00526	0.413297507	E1.17.4.1B, nrdB, nrdF
K00132	2.50667488	E1.2.1.10
K00294	2.039483726	E1.2.1.88
K00217	-4.255237066	E1.3.1.32
K04118	-3.889732467	E1.3.1.62
K08100	3.635547246	E1.3.3.5
K00232	0.261093168	E1.3.3.6, ACOX1, ACOX3
K19067	-3.372874538	E1.3.8.11
K00262	0.615991663	E1.4.1.4, gdhA
K00263	-0.760365522	E1.4.1.9
K00301	-1.52796148	E1.5.3.1
K00588	0.380308844	E2.1.1.104
K05928	-4.37077659	E2.1.1.95
K00601	6.539633697	E2.1.2.2
K17490	-3.226811301	E2.1.3.1-1.3S
K17489	-0.119775124	E2.1.3.1-12S
K03416	0.837776014	E2.1.3.1-5S
K00615	0.294483907	E2.2.1.1, tktA, tktB
K01652	-0.398404783	E2.2.1.6L, ilvB, ilvG, ilvI
K01653	-0.18672622	E2.2.1.6S, ilvH, ilvN
K00679	-2.543419627	E2.3.1.158
K00643	-0.508703375	E2.3.1.37, ALAS
K00656	0.263412913	E2.3.1.54, pflD
K00696	-8.034743348	E2.4.1.14
K00702	-0.450059557	E2.4.1.20
K00706	-1.359483442	E2.4.1.34
K05341	0.959169675	E2.4.1.4
K00689	-0.868927353	E2.4.1.5
K00690	0.106815531	E2.4.1.7
K00768	-0.20097743	E2.4.2.21, cobU, cobT
K17105	2.342358643	E2.5.1.42
K01626	0.141330058	E2.5.1.54, aroF, aroG, aroH
K12503	1.804000271	E2.5.1.68
K21273	-0.821403866	E2.5.1.88
K00818	-0.716327651	E2.6.1.11, argD
K00822	-0.087475377	E2.6.1.18
K00826	1.177315247	E2.6.1.42, ilvE
K10206	0.797203178	E2.6.1.83
K00900	-5.831999776	E2.7.1.105, PFK
K00847	1.595972263	E2.7.1.4, scrK
K00938	1.172210127	E2.7.4.2, mvaK2
K07816	-1.10647516	E2.7.6.5
K00954	-0.222063489	E2.7.7.3A, coaD, kdtB
K02201	-2.269073203	E2.7.7.3B
K00981	0.591446472	E2.7.7.41, CDS1, CDS2, cdsA
K19710	2.120135733	E2.7.7.53
K02233	-0.466491374	E2.7.8.26, cobS, cobV
K21105	0.298597995	E3.1.1.102
K01051	-1.2792749	E3.1.1.11
K07046	-0.386954168	E3.1.1.120
K07518	1.674987364	E3.1.1.22
K01061	-1.028327642	E3.1.1.45
K01067	0.165155588	E3.1.2.1, ACH1
K01075	0.58585429	E3.1.2.23
K01077	-0.514461766	E3.1.3.1, phoA, phoB
K21055	-2.058553642	E3.1.3.103
K04486	0.240600985	E3.1.3.15B
K06117	0.602651905	E3.1.3.21
K01092	0.227328708	E3.1.3.25, IMPA, suhB
K01100	-4.071483866	E3.1.3.37
K01101	-0.52200825	E3.1.3.41
K01081	1.144841199	E3.1.3.5
K07026	-1.965226547	E3.1.3.70
K01083	1.064852849	E3.1.3.8
K01126	-0.309967981	E3.1.4.46, glpQ, ugpQ
K01130	-0.822085213	E3.1.6.1
K01183	-0.459133661	E3.2.1.14
K01184	1.602093211	E3.2.1.15
K07405	1.557873457	E3.2.1.1A
K01188	-4.760703464	E3.2.1.21
K07407	-0.482959074	E3.2.1.22B, galA, rafA
K01179	0.619035213	E3.2.1.4
K01210	2.161659363	E3.2.1.58
K01213	-1.972875773	E3.2.1.67
K01220	0.64118206	E3.2.1.85, lacG
K01222	1.170830909	E3.2.1.86A, celF
K01223	0.323044323	E3.2.1.86B, bglA
K01239	0.519218123	E3.2.2.1
K10533	-5.82180942	E3.3.2.8
K01424	0.589471067	E3.5.1.1, ansA, ansB
K01426	-0.302041656	E3.5.1.4, amiE
K01452	1.256169221	E3.5.1.41
K01455	0.590427036	E3.5.1.49
K08687	-6.208093168	E3.5.1.59
K19795	6.159822645	E3.5.1.95
K01470	-0.147623053	E3.5.2.10
K01476	0.900689452	E3.5.3.1, rocF, arg
K08688	-3.127177038	E3.5.3.3
K01501	-1.910401972	E3.5.5.1
K01505	-1.69233445	E3.5.99.7
K01560	0.714891175	E3.8.1.2
K01580	-2.089147742	E4.1.1.15, gadB, gadA, GAD
K01581	0.044650314	E4.1.1.17, ODC1, speC, speF
K01582	1.370658475	E4.1.1.18, ldcC, cadA
K01596	2.190731256	E4.1.1.32, pckA, PCK
K09459	0.433084075	E4.1.1.82
K01637	0.072573829	E4.1.3.1, aceA
K18292	-4.560023131	E4.1.3.25
K01639	1.137183815	E4.1.3.3, nanA, NPL
K01668	0.905801259	E4.1.99.2
K01676	-0.391322766	E4.2.1.2A, fumA, fumB
K01677	0.807959799	E4.2.1.2AA, fumA
K01678	0.984031696	E4.2.1.2AB, fumB
K01679	1.600982546	E4.2.1.2B, fumC, FH
K10675	-3.84378874	E4.2.1.66
K01750	1.387593812	E4.3.1.12, ocd
K01752	1.329340429	E4.3.1.17, sdaA, sdaB, tdcG
K01754	0.333880841	E4.3.1.19, ilvA, tdcB
K01746	2.889680408	E4.3.1.4
K01761	-1.352951649	E4.4.1.11
K01768	0.847152513	E4.6.1.1
K01769	-0.902687218	E4.6.1.2
K01792	-0.029237079	E5.1.3.15
K01796	-1.291073918	E5.1.99.4, AMACR, mcr
K01819	0.230939102	E5.3.1.26, lacA, lacB
K01822	-7.785122276	E5.3.3.1
K01848	0.451494121	E5.4.99.2A, mcmA1
K01849	0.986648719	E5.4.99.2B, mcmA2
K01941	-0.046106881	E6.3.4.6
K01950	1.72144962	E6.3.5.1, NADSYN1, QNS1, nadE
K01885	0.76446922	EARS, gltX
K12111	0.816669627	ebgA
K12112	2.34885106	ebgC
K07511	-0.435357614	ECHS1
K14447	1.150173125	ecm
K06718	3.98300545	ectA
K00836	1.982555097	ectB, dat
K06720	-2.042676259	ectC
K10674	-4.221747321	ectD
K01625	-0.320800066	eda
K01690	-0.267457375	edd
K01199	-0.80829566	EGLC
K20246	-3.155905157	EGT1
K20247	-4.851855131	EGT2
K18912	0.018175915	egtB
K07008	-2.600369463	egtC
K18911	-2.648822659	egtD
K10245	-5.34447522	ELO2
K10246	-5.470282279	ELO3
K15358	-6.632751308	ena
K01689	1.434083656	ENO1_2_3, eno
K10797	1.950220831	enr
K00216	0.574569567	entA
K01252	1.544655065	entB, dhbB, vibB, mxcF
K02361	0.828739341	entC
K02362	-2.236542219	entD
K02363	1.534344336	entE, dhbE, vibE, mxcE
K02364	1.410750342	entF
K03472	0.900358136	epd
K01253	-6.720484578	EPHX1
K08726	-4.919110138	EPHX2
K14163	-5.107281445	EPRS
K00993	-1.697864196	EPT1
K03760	-1.040404204	eptA, pmrC
K12975	0.357401875	eptB
K09829	-5.552970347	ERG2
K09827	-4.288836333	ERG27
K00223	-4.849277423	ERG4
K09831	0.717978544	ERG5, CYP61A
K13315	-0.413966916	eryBII, tylCII, tylC1, calS12, atmS12
K13317	-0.678364103	eryBIII, tylCIII, tylC3
K14748	-3.515295905	etbAa
K14749	-7.681100906	etbAb
K18092	-2.37049398	etbD
K10215	-0.903913103	ethA
K17725	-1.116913579	ETHE1
K00894	-1.14447809	ETNK, EKI
K04019	-3.556602868	eutA
K03735	1.303062685	eutB
K03736	0.634166381	eutC
K04020	0.850547882	eutD
K04021	-1.698876922	eutE
K04022	-4.40006499	eutG
K04032	-5.129646794	eutT
K16436	0.886309614	evaB, megDII, angB, staI
K00114	0.799893991	exaA
K16171	-0.252580438	faaH
K03921	-2.2299316	FAB2, SSI2, desA1
K01716	1.790282261	fabA
K00647	0.63714874	fabB
K00645	-0.506927403	fabD, MCAT, MCT1
K09458	-0.002221317	fabF, OXSM, CEM1
K00059	-0.233310629	fabG, OAR1
K00648	-1.111044314	fabH
K00208	0.768083674	fabI
K02371	0.144558036	fabK
K10780	-3.747917715	fabL
K18474	-1.864033279	fabM
K00209	-0.202393893	fabV, ter
K18473	-1.998487226	fabY
K02372	-0.80031678	fabZ
K10256	-5.302829431	FAD2
K00632	-0.806559513	fadA, fadI
K01825	-1.224523905	fadB
K13767	3.807818605	fadB
K18687	1.994243824	fadD3
K06445	0.196989969	fadE
K01782	-1.4501171	fadJ
K07516	0.476522318	fadN
K10713	-0.959270464	fae
K13812	-5.553997761	fae-hps
K01555	0.289212359	FAH, fahA
K13356	-0.005210089	FAR
K11533	2.236619689	fas
K00668	-0.707145065	FAS1
K00667	2.706762568	FAS2
K00665	1.389001502	FASN
K01624	1.137558773	FBA, fbaA
K11645	0.864688709	fbaB
K11779	-3.278034428	fbiC
K18851	1.534255835	fbp
K03841	0.493820766	FBP, fbp
K04041	0.475938658	fbp3
K01086	-2.380943872	fbp-SEBP
K17230	4.266290165	fccA
K17229	1.822702789	fccB
K00603	0.714895778	fctD
K03365	-7.016248635	FCY1
K20039	-3.874542879	FDC1
K00801	-4.515168611	FDFT1
K00122	0.69470935	FDH
K00148	-1.409898655	fdhA
K05299	-0.293718578	fdhA
K00125	-3.039631476	fdhB
K15022	-2.615456849	fdhB
K00123	1.043012307	fdoG, fdhF, fdwA
K00124	0.762144261	fdoH, fdsB
K00127	1.291556537	fdoI, fdsG
K00787	1.284772765	FDPS
K00126	-1.455951728	fdsD
K00146	-1.285260087	feaB, tynC
K11694	-1.835841642	femA
K11695	-2.868499631	femB
K11693	-7.340619057	femX, fmhB
K18383	-3.992267443	ferB
K01938	2.070133303	fhs
K20884	-4.164216754	FHY
K21621	-0.365020823	fk
K00953	-2.372292856	FLAD1
K13607	-0.862296244	fldA
K00485	0.867207551	FMO
K05955	-6.048475852	FNTA
K05954	0.044278733	FNTB
K13939	1.525436959	FOL1
K01633	-0.761739731	folB
K11754	-0.200156546	folC
K01491	1.550981081	folD
K09007	0.040095759	folE2
K00950	-0.184020026	folK
K13941	-5.8031475	folKP
K13938	-1.191007636	folM
K00796	0.616333235	folP
K01930	-5.194710934	FPGS
K18556	-0.293466515	frdA
K00244	2.375024618	frdA
K00245	-0.713840377	frdB
K00246	-1.317958191	frdC
K00247	-4.84603344	frdD
K05368	-1.595932156	fre, ubiB
K00440	-2.02163698	frhA
K00441	-6.548733295	frhB
K00443	-4.076832328	frhG
K00121	-0.594790593	frmA, ADH5, adhC
K01070	-0.997659174	frmB, ESD, fghA
K02770	0.678199139	fruA
K03332	2.311987097	fruA
K02769	1.593302564	fruAb
K02768	3.2817205	fruB
K00882	0.997695911	fruK
K13990	0.300733667	FTCD
K00672	-6.874092956	ftr
K01628	-1.500766197	fucA
K18334	-1.322406672	fucD
K01818	2.686301273	fucI
K00879	-2.17173058	fucK
K00048	1.706932074	fucO
K05305	-3.606715073	FUK
K00200	-0.483992561	fwdA, fmdA
K00201	2.328973081	fwdB, fmdB
K00202	-5.816892687	fwdC, fmdC
K11261	3.034148598	fwdE, fmdE
K11260	-5.73748435	fwdG
K00204	-1.375489029	fwdH
K19054	-1.819606769	FXN
K00036	0.454365705	G6PD, zwf
K18106	-3.742350058	GAAA
K18102	-3.828798438	GAAB, LGD1
K18103	4.1803261	GAAC, LGA1
K18107	-0.363789615	GAAD
K00135	0.674294851	gabD
K07250	-1.456856704	gabT
K08679	-1.124749932	GAE, cap1J
K00035	2.48476784	gal
K16515	-0.497999952	galB
K01202	-5.95746399	GALC
K16514	-1.614877609	galD
K01784	0.774361061	galE, GALE
K00849	1.102112932	galK
K01785	0.904612671	galM, GALM
K00965	0.516244077	galT, GALT
K05546	-5.341930007	GANAB
K04618	-4.768568558	GAOA
K00150	0.600599135	gap2, gapB
K00134	0.643027651	GAPDH, gapA
K00131	-2.058528597	gapN
K11389	-2.633020227	gapor
K01708	-0.002601259	garD
K01630	-2.320536898	garL
K00042	-1.404711161	garR, glxR
K13507	0.873371184	GAT
K02773	0.255572265	gatA, sgcA
K02774	0.79150334	gatB, sgcB
K02775	1.059070699	gatC, sgcC
K00613	1.270754213	GATM
K08302	1.570129793	gatY-kbaY
K16371	-0.004883363	gatZ-kbaZ
K01201	-2.738822236	GBA, srfJ
K17108	0.775458327	GBA2
K00043	-0.453337786	gbd
K00700	0.800676572	GBE1, glgB
K12255	1.369324328	gbuA
K00117	0.415279966	gcd
K01615	3.739784014	gcdA
K00252	-0.016436066	GCDH, gcdH
K01495	0.352944047	GCH1, folE
K08096	-3.930765287	gch3
K18983	-5.336032047	gci
K11529	-1.29563095	gck, gckA, GLYCTK
K01608	-0.461850113	gcl
K11204	-6.837241235	GCLC
K11205	-4.366910041	GCLM
K03526	0.715406065	gcpE, ispG
K01039	1.984450025	gctA
K01040	1.862352285	gctB
K02437	3.306495586	gcvH, GCSH
K00282	-0.253188476	gcvPA
K00283	-0.661525164	gcvPB
K00605	0.851752717	gcvT, AMT
K18097	-2.776945022	GCY1
K18696	-2.840837752	GDE1
K00034	-1.384049449	gdh
K19813	3.12367141	gdh
K15371	1.199846766	GDH2
K03396	-5.786335122	gfa
K00682	4.237964931	GGCT
K13789	-0.24894712	GGPS
K00804	-1.611411266	GGPS1
K17830	-2.765996081	GGR
K00681	-0.720862103	ggt
K12972	0.055859646	ghrA
K00090	-0.038454185	ghrB
K00104	0.554348495	glcD
K11472	0.207411952	glcE
K11473	-0.986814004	glcF
K00005	1.988198169	gldA
K00281	0.407769806	GLDC, gcvP
K01854	0.516639054	glf
K00703	0.6375808	glgA
K00975	0.803671817	glgC
K16147	0.757226611	glgE
K16148	1.144703131	glgM
K02438	-0.670742803	glgX
K18982	0.386188457	gli
K00845	1.155104065	glk
K19268	-4.130383102	glmE, mutE, mamB
K03431	1.077883504	glmM
K00820	0.122110242	glmS, GFPT
K01846	0.927967195	glmS, mutS, mamA
K04042	0.791787945	glmU
K20712	0.935581916	glnA
K01915	0.372607446	glnA, GLUL
K01759	-0.770462062	GLO1, gloA
K01069	-0.309490703	gloB, gloC, HAGH
K00111	0.636392689	glpA, glpD
K00112	0.211644581	glpB
K00113	0.098713283	glpC
K02439	-4.229402161	glpE
K00864	0.999540097	glpK, GK
K02446	0.81273755	glpX
K11532	-0.239057142	glpX-SEBP
K01425	1.652793322	glsA, GLS
K00264	-1.203289202	GLT1
K00265	-0.21850132	gltB
K00266	1.160180578	gltD
K00284	-2.521727825	GLU, gltS
K00261	0.158263893	GLUD1_2, gdhA
K01232	0.501158815	glvA
K02750	1.390016313	glvC, malP, aglA
K00865	0.930184744	glxK, garK
K00600	0.667640143	glyA, SHMT
K15918	-2.757467609	GLYK
K18121	-2.387682406	GLYR
K01711	-0.884955477	gmd, GMDS
K10046	-0.270372502	GME
K03271	0.90321885	gmhA, lpcA
K03273	-3.278255397	gmhB
K03272	-0.943218149	gmhC, hldE, waaE, rfaE
K03274	1.394294247	gmhD, rfaD
K00942	1.595257554	gmk, GUK1
K00966	2.177322563	GMPP
K01218	-2.039055681	gmuG
K01053	-0.346449282	gnl, RGN
K00621	-1.015894914	GNPNAT1, GNA1
K18819	-3.48393328	GOLS
K14454	-5.583630753	GOT1
K14455	0.692073168	GOT2
K00006	-1.999076208	GPD1
K01091	0.010940968	gph
K15376	-1.186328323	GPHN
K01810	0.186686548	GPI, pgi
K01127	1.054915361	GPLD1
K15634	-1.027460252	gpmB
K15633	0.72894074	gpmI
K06116	-5.756061247	GPP
K00057	0.726302913	gpsA
K00769	-1.419477233	gpt
K00814	-0.747857701	GPT, ALT
K00432	-1.159969004	gpx, btuE, bsaA
K14633	-4.60516113	gra6, RED2
K20942	9.336473883	graA
K20941	-1.555748227	graF
K17741	-4.182124268	GRE2
K00049	-3.489355058	GRHPR
K01919	0.577859163	gshA
K01920	0.471466415	gshB
K00892	-0.713676344	gsk
K18896	-1.01711937	gsmt
K01460	-1.431003464	gsp
K18676	0.825263709	gspK
K00383	0.996745328	GSR, gor
K21456	-3.688072672	GSS
K00799	-0.930674198	GST, gst
K01951	1.097137709	guaA, GMPS
K00364	0.082959063	guaC, GMPR
K01487	1.119495398	guaD, GDA
K00260	-0.371540241	gudB, rocG
K01706	0.02225074	gudD
K00015	0.37565724	gyaR, GOR1
K00750	-0.624171546	GYG1, GYG2
K00693	0.006861917	GYS
K00452	0.997761562	HAAO
K10703	-0.886573108	HACD, PHS1, PAS2
K00022	-6.284842365	HADH
K11517	-7.206056511	HAO
K14520	-6.315076342	hapE
K04105	-0.375355746	hbaA
K05711	-3.899083371	hcaB
K05710	1.151043691	hcaC
K00529	-0.765210076	hcaD
K05708	-6.069639532	hcaE, hcaA1
K01764	-1.130333496	HCCS
K05523	-1.18137703	hchA
K10815	-2.449266673	hcnB
K10816	0.631443374	hcnC
K05601	0.659750206	hcp
K01590	-2.84112406	hdc, HDC
K07031	1.182833108	hddA
K21138	1.963963264	HDDC3
K03388	-7.65192762	hdrA2
K03389	-5.857925992	hdrB2
K03390	2.561794452	hdrC2
K08264	-1.742953749	hdrD
K02492	0.894224173	hemA
K01698	0.274747929	hemB, ALAD
K01749	1.037180951	hemC, HMBS
K01719	1.48273904	hemD, UROS
K13543	1.059034117	hemDX
K01599	0.217738872	hemE, UROD
K00230	-0.587261077	hemG
K01772	0.008049726	hemH, FECH
K01845	0.882952814	hemL
K02495	0.218662474	hemN, hemZ
K00435	-1.635046564	hemQ
K02496	-0.360633412	hemX
K00805	1.930703532	hepS
K12373	0.212563579	HEXA_B
K05355	-5.63557265	hexPS, COQ1
K00451	0.776010482	HGD, hmgA
K00020	0.476624275	HIBADH, mmsB
K05605	-1.332825014	HIBCH
K20218	-2.923949955	hipH
K14152	-0.207001226	HIS4
K01663	-2.539336253	HIS7
K01814	0.23147731	hisA
K01089	-0.450993322	hisB
K01693	0.583724156	hisB
K00817	-0.116279404	hisC
K00013	0.156981347	hisD
K01523	-1.621918292	hisE
K02500	-0.507602948	hisF
K00765	0.203985787	hisG
K02501	0.806908489	hisH
K01496	-1.127245506	hisI
K11755	-2.015042702	hisIE
K05602	1.773307351	hisN
K02502	1.916139847	hisZ
K00844	-0.210903496	HK
K01942	-1.502024464	HLCS
K16877	-0.145287209	hmfA
K16878	-0.370327477	hmfB
K16879	-3.091311805	hmfC
K16876	3.831531454	hmfD
K16880	2.557936713	hmfE
K16874	-2.1307505	hmfF
K16873	-0.486891637	hmfH
K01640	0.800829098	HMGCL, hmgL
K00021	-1.151842227	HMGCR
K01641	0.197950184	HMGCS
K16422	-0.241783539	hmo, nocN
K21480	-0.714895803	HO, pbsA1, hmuO
K18123	-1.221004048	HOGA1
K00003	0.147776465	hom
K00483	-2.511132279	hpaB
K00484	-0.978076954	hpaC
K00455	1.205820846	hpaD, hpcB
K00151	1.178939778	hpaE, hpcC
K01826	-1.295934828	hpaF, hpcD
K05921	0.510138848	hpaG
K02509	1.356813463	hpaH
K02510	0.717989228	hpaI, hpcH
K00457	-0.817880092	HPD, hppD
K04097	-6.603301748	HPGDS
K16423	3.590882138	hpgT, nocG
K00018	0.08097004	hprA
K00760	1.012180827	hprT, hpt, HPRT1
K13831	-1.346196887	hps-phi
K16841	-1.875193146	hpxA
K16842	-1.155671948	hpxB
K16839	-1.776590047	hpxO
K16840	1.481118387	hpxQ
K16047	0.87537756	hsaA
K16048	2.318301696	hsaB
K16049	-0.462755156	hsaC
K16050	-6.277348846	hsaD
K16045	-2.698981286	hsd
K08683	-1.935240149	HSD17B10
K10251	-5.868127849	HSD17B12, KAR, IFA38
K12405	-3.162041085	HSD17B4
K00808	0.727952383	hss
K05603	-0.955521999	hutF
K01479	-0.688868734	hutG
K01458	-0.256372755	hutG
K01745	0.946594548	hutH, HAL
K01468	-0.141695705	hutI, AMDHD1
K01712	0.716401325	hutU, UROC1
K08093	-5.659260677	hxlA
K08094	-1.976504352	hxlB
K01197	1.788815211	hya
K06282	0.857811432	hyaA, hybO
K06281	0.816309399	hyaB, hybC
K17994	4.180413919	hydD
K01816	-1.154212342	hyi, gip
K01473	0.001510362	hyuA
K01474	-2.545796748	hyuB
K00466	1.742598722	iaaM
K18291	-3.984145796	ich-P
K18290	-5.587811367	ich-Y
K00587	0.479011974	ICMT, STE14
K18289	-1.893589268	ict-P
K18288	2.753460141	ict-Y
K00031	-0.312451428	IDH1, IDH2, icd
K00030	-1.126463452	IDH3
K01823	-0.103355247	idi, IDI
K00851	1.762393518	idnK, gntK
K00463	-1.155700751	IDO, INDO
K01136	-2.610123378	IDS
K13787	1.085694463	idsA
K05281	-4.771012901	IFR
K00053	0.635718816	ilvC
K01687	0.182829051	ilvD
K11258	-2.459175991	ilvM
K01182	1.416416035	IMA, malL
K00088	1.261219647	IMPDH, guaB
K18649	-1.246627783	IMPL2
K18199	-2.937257773	inhA
K01858	1.724556122	INO1, ISYNA1
K01099	0.391767097	INPP5B_F
K20811	-2.336975364	inuJ
K01193	1.030676698	INV, sacA
K03337	0.17854328	iolB
K03338	-0.153891617	iolC
K03336	1.603983679	iolD
K03335	0.25213551	iolE
K00010	-0.939261556	iolG
K06606	-1.674966888	iolI
K03339	-3.328096142	iolJ
K16044	2.144972497	iolW
K04103	1.223160972	ipdC
K19786	1.763966674	IPK1
K00915	-3.934563154	IPMK, IPK2
K17724	-7.53475824	IRG1
K01214	0.811200549	ISA, treX
K04487	-0.152764441	iscS, NFS1
K15373	-3.233569588	isfD
K18550	-3.536235062	ISN1
K00795	-1.123750201	ispA
K02523	0.471991195	ispB
K00991	1.006194493	ispD
K12506	-0.503000892	ispDF
K00919	0.357953739	ispE
K01770	1.471505209	ispF
K03527	0.766574003	ispH, lytB
K03894	-0.741427444	iucA
K03896	-0.175935911	iucB
K03895	-2.368701969	iucC
K03897	0.866560237	iucD
K00253	-0.273918168	IVD, ivd
K06984	-6.466019958	K06984
K09722	-6.923280292	K09722, pps
K13522	1.136624838	K13522, nadM
K14465	-0.257389124	K14465
K15024	-0.967532986	K15024
K15052	-3.9110287	K15052
K16149	-4.32044987	K16149
K16150	1.890705398	K16150
K16153	-4.799979486	K16153
K16163	-0.588289003	K16163
K16164	2.351283774	K16164
K16330	-3.619123946	K16330
K16881	1.867859324	K16881
K18284	3.709905534	K18284
K21063	1.457388325	K21063
K18014	3.217122158	kal
K01843	0.637416788	kamA
K01844	-0.048643476	kamD
K18011	-1.754832824	kamE
K03781	0.261226137	katE, CAT, catB, srpA
K03782	-0.423660978	katG
K12254	-0.436846572	kauB
K00639	1.042917827	kbl, GCAT
K18013	-0.287454775	kce
K14259	-3.347356691	kdaD, xacE, kdxD
K18012	0.804088026	kdd
K01707	2.286349443	kdgD
K00874	0.461276813	kdgK
K11211	-0.367073679	kdkA
K01627	1.457778637	kdsA
K00979	-0.226020255	kdsB
K03270	-0.493878337	kdsC
K06041	0.885146147	kdsD, kpsF
K04708	2.785218064	KDSR
K02527	0.136146442	kdtA, waaA
K00065	0.81314945	kduD
K01815	-0.490698524	kduI
K11441	-1.406545511	kguK
K00486	-3.947394314	KMO
K00174	1.041883499	korA, oorA, oforA
K00175	0.46691413	korB, oorB, oforB
K00177	1.631623892	korC, oorC
K00176	-0.664365431	korD, oorD
K15982	-1.708954307	kshA
K15983	-3.899619706	kshB
K05898	-3.439341995	kstD
K10967	-7.934449978	KTR1_3
K07130	-3.362526027	kynB
K01556	-0.379464255	KYNU, kynU
K00109	-5.371412787	L2HGDH
K00917	-0.911477051	lacC
K01635	-0.309348582	lacD
K02788	-0.163541192	lacE
K02786	0.036461795	lacF
K01190	0.872920158	lacZ
K04709	-2.243883375	LAG1, LAC1
K11142	-6.069223674	LAP3
K13513	-6.027525049	LCLAT1, AGPAT8
K06443	0.718735056	lcyB, crtL1, crtY
K00016	1.259237448	LDH, ldh
K03778	1.293528306	ldhA
K00102	0.296458527	LDHD, dld
K18431	0.74749134	legF, ptmB
K18429	2.047466336	legG, neuC2
K18430	-4.74695343	legI, neuB2
K01702	-4.711259476	LEU1
K01649	0.451478619	leuA, IMS
K00052	-0.035065704	leuB, IMDH
K01703	-0.183555428	leuC, IPMI-L
K01704	-0.541243862	leuD, IPMI-S
K02771	2.479386826	levG
K12658	-2.002502759	lhpA
K21060	-1.593950091	lhpB
K21061	-1.049306208	lhpB
K21062	-0.124371184	lhpC
K19743	-3.437266477	lhpI
K04100	-2.834070927	ligA
K04101	-0.957501305	ligB
K10219	0.847639778	ligC
K10221	-0.157350534	ligI
K10220	3.412144769	ligJ
K10218	-0.390421312	ligK, galC
K15066	-2.32003844	ligM
K15060	-5.319932568	ligXa
K14733	-7.229375699	limB
K05525	-2.780731736	linC, CYP111A
K01046	-1.242690796	lip, TGL2
K01052	-2.547035929	LIPA
K03644	0.796593293	lipA, LIAS, LIP1, LIP5
K03801	-0.435299435	lipB
K13766	1.301641339	liuC
K00101	-0.24852296	lldD
K19246	-0.91311758	loxA
K15728	3.368079382	LPIN
K03800	-0.228236172	lplA, lplJ, lipL1
K13519	-3.486835585	LPT1, ALE1
K00677	0.764050622	lpxA
K00748	0.767811663	lpxB
K02535	0.124986837	lpxC
K16363	2.119919882	lpxC-fabZ
K02536	-0.340199733	lpxD
K03269	-0.481188911	lpxH
K00912	0.134895889	lpxK
K02517	0.656060628	lpxL, htrB
K02560	-4.489109493	lpxM, msbB
K12974	-0.362500638	lpxP
K19803	-3.110878454	lpxT
K18337	1.58351447	LRA1
K12661	0.003386752	LRA3, rhmD
K21883	0.159975046	lra5
K18336	-0.360815867	lra6
K01899	1.149285612	LSC1
K01900	-1.523088719	LSC2
K01852	-1.826464459	LSS, ERG7
K01254	-3.99141053	LTA4H
K01620	1.688182542	ltaE
K19005	-0.569671865	ltaS
K07173	1.8109076	luxS
K06128	-3.662695778	LYPLA1
K06130	-4.840061856	LYPLA2
K00290	2.738469723	LYS1
K05824	-3.754032919	LYS12
K00143	-0.714069345	LYS2
K01655	2.809632398	LYS21, LYS20
K01705	3.708349288	LYS4
K06133	0.656914751	LYS5, acpT
K00293	-0.49023432	LYS9
K01586	0.799408778	lysA
K12526	-4.390906687	lysAC
K00928	0.905421852	lysC
K19064	-5.37014418	lysDH
K05830	-4.983781456	lysJ, argD
K05825	0.289371521	LYSN
K05829	-4.37484474	lysY, argC
K00880	-0.401623645	lyxK
K00029	0.506697187	maeB
K01800	-3.833101598	maiA, GSTZ1
K04835	0.200855427	mal
K00705	0.477479099	malQ
K20108	0.947706329	malT
K02791	-0.426069465	malX
K01187	-0.535781581	malZ
K19355	4.09130955	MAN
K01230	0.935247214	MAN1A_C, MNS1_2
K01809	0.379061648	manA, MPI
K01840	1.752799963	manB
K00971	0.680547983	manC, cpsB
K02794	0.758908232	manX
K02793	1.6828344	manXa
K02795	1.634924186	manY
K02796	1.157797972	manZ
K00274	-1.052612258	MAO, aofH
K00691	3.975856886	mapA
K06896	0.590551992	mapP
K01874	0.478998782	MARS, metG
K18661	-0.62029183	matB
K15228	2.432883966	mauA
K15229	-0.432333562	mauB
K04765	-0.530614815	mazG
K05375	2.076698332	mbtH, nocI
K04781	-4.516872641	mbtI, irp9, ybtS
K01909	2.36799672	mbtM
K17216	2.296424247	mccA
K17217	-2.378253995	mccB
K01968	1.261679231	MCCC1, accA1
K01969	-0.673706431	MCCC2, accD1
K14448	-0.300856825	mcd
K05606	-0.048379785	MCEE, epi
K01071	-0.355463332	MCH
K14449	5.589310775	mch, mcd
K08691	3.251713223	mcl
K14451	-5.667313319	mcl2
K00399	-3.970564768	mcrA
K00401	-0.386206649	mcrB
K14470	-0.454525244	mct
K21310	2.436855183	mddA
K00024	1.661222617	mdh
K14028	2.728044354	mdh1, mxaF
K00026	0.017037787	MDH2
K01781	-1.246432012	mdlA
K15054	-1.456858129	mdlB
K01576	0.117772233	mdlC
K00027	0.190030689	ME2, sfcA, maeA
K07512	2.884742474	MECR, NRBF1
K15999	1.677344381	megY
K09709	-0.667113741	meh
K07406	2.013104204	melA
K02548	1.25934233	menA
K01661	1.134016947	menB
K02549	2.02770872	menC
K02551	0.396957565	menD
K01911	-0.459299624	menE
K02552	-0.906688711	menF
K08680	-1.53103336	menH
K19222	0.505424138	menI, DHNAT
K00320	-7.060543469	mer
K07750	4.051066586	MESO1, ERG25
K00589	-1.705397432	MET1
K17069	-0.724341038	MET17
K02304	-1.507314706	MET8
K00651	-0.523285112	metA
K01739	0.434195352	metB
K01760	-0.71750369	metC
K00549	1.116069428	metE
K00297	0.000989975	metF, MTHFR
K00548	-1.167796986	metH, MTR
K00789	0.544955784	metK, MAT
K12525	1.452273634	metL
K00641	1.146128934	metX
K01740	0.966298854	metY
K10764	-1.412236256	metZ
K18933	-0.767324166	mfnA, adc
K07072	-4.306046761	mfnF
K00737	-5.825895728	MGAT3
K03715	0.656007299	MGD
K19003	0.638939191	mgdA
K01054	3.038535027	MGLL
K19002	-0.721257284	mgs, bgsB
K01734	0.935258865	mgsA
K05712	-0.367016177	mhpA
K05713	1.57277438	mhpB
K05714	-1.975627556	mhpC
K02554	-0.133430764	mhpD
K01666	-0.007108403	mhpE
K04073	-1.63855398	mhpF
K00791	0.080505128	miaA, TRIT1
K00469	1.436389302	MIOX
K14731	1.221362167	mlhB, chnC
K01578	1.606948352	MLYCD
K00798	-0.603234446	MMAB, pduO
K00140	0.001171723	mmsA, iolA, ALDH6A1
K00547	1.736931207	mmuM, BHMT2
K03639	0.684746082	moaA, CNX2
K03637	0.882622738	moaC, CNX3
K03752	1.547910971	mobA
K13818	1.145279959	mobAB
K07141	-0.6806651	mocA
K20967	-1.964237114	MOCS1
K03635	0.944070157	MOCS2B, moaE
K03750	0.585537188	moeA
K03831	0.783460856	mogA
K14457	-7.088448237	MOGAT2, MGAT2
K01228	3.001043361	MOGS
K17066	-0.473399375	MOX
K13366	-6.615937728	MPAO, PAO1
K11782	1.495612918	mqnA
K11784	-1.455153111	mqnC
K11785	0.376861836	mqnD
K18285	-2.124178862	mqnE
K20810	0.78436403	mqnX
K00116	1.426604707	mqo
K01000	0.393947956	mraY
K05365	-0.892980937	mrcB
K08968	0.455056442	msrC
K14080	2.490767184	mtaA
K14081	-7.092943111	mtaC
K12960	0.053308315	mtaD
K00772	0.569053422	mtaP, MTAP
K00295	-4.501308703	MTD1
K10714	-1.549186683	mtdB
K00604	0.04829696	MTFMT, fmt
K00288	-1.521110829	MTHFD
K01934	0.274197404	MTHFS
K19696	-6.946012804	mtiP
K14067	3.308267743	mtkA
K08692	-0.549829131	mtkB
K02800	1.650389595	mtlA, cmtA
K00009	0.872100794	mtlD
K16177	-5.537162962	mtmC
K08963	-1.327921786	mtnA
K08964	-3.237824719	mtnB
K09880	0.249577321	mtnC, ENOPH1
K08967	0.132451589	mtnD, mtnZ, ADI1
K08969	1.39343352	mtnE, mtnV
K00899	2.491850486	mtnK
K01243	0.928277751	mtnN, mtn, pfs
K08966	-7.703049394	mtnX
K00577	0.047976012	mtrA
K14083	0.095343297	mttB
K00790	-0.130861871	murA
K00075	0.823833695	murB
K01924	0.159250672	murC
K01925	0.954965031	murD
K05362	-0.412533696	murE
K01928	0.802203352	murE
K15792	-1.188220688	murEF
K01929	1.09052756	murF
K02563	0.342093979	murG
K01776	0.78435576	murI
K05363	-3.146323916	murM
K12554	-1.735769561	murN
K11192	-1.391156399	murP
K07106	-0.083766304	murQ
K00992	-1.317666993	murU
K01847	0.897620717	MUT
K00054	0.516349029	mvaA
K01597	-0.247567427	MVD, mvaD
K14128	-6.112372872	mvhG, vhuG, vhcG
K00869	-0.362732637	MVK, mvaK1
K03517	-0.248656017	nadA
K00278	-1.207460219	nadB
K00767	-0.601249262	nadC, QPRT
K00969	-0.018244134	nadD
K01916	1.600189147	nadE
K06211	-1.733074093	nadR
K06989	-0.904235928	nadX, ASPDH
K01443	1.174702859	nagA, AMDHD2
K02564	1.367182657	nagB, GNPDA
K02804	0.823596378	nagE
K18242	-0.009454434	nagG
K18243	0.559797293	nagH
K16165	-0.477912865	nagK
K00884	-2.512331446	NAGK, nagK
K01801	3.889659055	nagL
K01205	2.646777034	NAGLU
K01207	0.27415246	nagZ
K14581	0.05182172	nahAa, nagAa, ndoR, nbzAa, dntAa
K14578	0.025687866	nahAb, nagAb, ndoA, nbzAb, dntAb
K00152	-1.612191789	nahF
K03462	-0.020696792	NAMPT
K01788	2.17833232	nanE
K00885	2.850789994	nanK
K02567	-0.991007416	napA
K02568	-0.315838708	napB
K00370	1.002198663	narG, narZ, nxrA
K00371	0.940634933	narH, narY, nxrB
K00374	0.837677295	narI, narV
K00372	0.634051498	nasC, nasA
K15057	-2.315788175	nbzA
K00459	0.318318436	ncd2, npd
K21210	-3.65660299	ncsC
K21211	-2.715875996	ncsC1
K21214	-0.76503806	ncsC4
K03878	-1.566897014	ND1
K03879	-1.923285557	ND2
K03880	-1.779059064	ND3
K03881	-0.413168647	ND4
K03882	-4.290624367	ND4L
K03883	-0.673937169	ND5
K03884	-1.470905546	ND6
K00940	0.317531841	ndk, NME
K10680	-0.427408591	nemA
K01186	-0.110465767	NEU1
K00983	-2.997319868	neuA, nnaC
K01654	0.538883731	neuB, nnaB
K10679	0.025116314	nfnB, nfsB
K19285	0.034994382	nfrA1
K19286	1.020523956	nfrA2
K10678	-4.444118464	nfsA
K18029	-1.034599256	nicA
K20170	-2.026332562	nicA1
K18030	-0.459955401	nicB
K14974	0.904233729	nicC
K15357	0.34828773	nicD
K01799	-0.824109312	nicE, maiA
K13995	1.255242774	nicF
K18028	-0.227578272	nicX
K02586	1.813614664	nifD
K02588	0.797501085	nifH
K02591	-1.994036686	nifK
K02594	2.070079868	nifV
K00366	-4.495824309	nirA
K00362	-0.074900885	nirB
K00363	-0.577298756	nirD
K00368	0.650735222	nirK
K15864	0.072566831	nirS
K13566	0.159419496	NIT2, yafV
K17877	-7.244218663	NIT-6
K06210	-6.090424707	NMNAT
K00323	-6.268472088	NNT
K04561	1.131849047	norB
K02305	2.635943709	norC
K00491	-7.233312111	nos
K00376	0.113505184	nosZ
K00355	0.04030608	NQO1
K10534	-2.552694954	NR
K21636	0.761822688	nrdD
K00524	-4.37396299	nrdJ
K03385	2.852517594	nrfA
K15876	2.802831536	nrfH
K06881	0.245259312	nrnA
K07748	-5.682757859	NSDHL, ERG26
K13747	1.205785052	nspC
K14676	-2.119251678	NTE, NRE
K01721	-5.098175455	nthA
K20807	-0.430000272	nthB
K08310	1.795195758	nudB, ntpA
K08312	-3.582739632	nudE
K01515	0.545769311	nudF
K03426	-0.129712846	NUDT12_13, nudC
K01518	6.077002995	NUDT2
K13988	-1.823436616	NUDT9
K18447	-1.215691128	NUDX14
K00330	-0.322688679	nuoA
K00331	0.094449894	nuoB
K00332	0.960905348	nuoC
K00333	-0.020584353	nuoD
K00334	-0.010182253	nuoE
K00335	0.078979101	nuoF
K00336	0.83792208	nuoG
K00337	0.142326199	nuoH
K00338	0.628815793	nuoI
K00339	0.547916503	nuoJ
K00340	0.378822876	nuoK
K00341	0.371136971	nuoL
K00342	0.323736474	nuoM
K00343	0.502699006	nuoN
K19177	-2.218946106	NUS1
K01571	1.583386132	oadA
K01573	5.826311805	oadG
K05528	-1.95979764	OCH1
K00164	1.068782976	OGDH, sucA
K01730	-0.456850828	ogl
K09667	-0.464865531	OGT
K17649	3.90493127	OMTB, dmtA
K01469	-1.495599386	OPLAH, OXP1, oplAH
K17898	-1.331526491	oraE
K17899	-7.66477322	oraS
K21672	1.455912199	ord
K21898	-1.327840529	orr
K00611	1.153331875	OTC, argF, argI
K00697	-0.414551922	otsA
K01087	-0.192761496	otsB
K01577	0.533218621	oxc
K01027	-1.27065363	OXCT
K01569	-1.598022751	oxdD
K14254	-5.035787216	oxyQ
K00472	-0.054520797	P4HA
K02609	0.012170847	paaA
K02610	1.164692286	paaB
K02611	-0.422163894	paaC
K02612	-2.75493859	paaD
K02613	-0.904936918	paaE
K01692	0.043600259	paaF, echA
K15866	-0.949954054	paaG
K00074	1.349571444	paaH, hbd, fadB, mmgB
K02614	-0.112088626	paaI
K02615	-2.03393005	paaJ
K01912	-0.255769092	paaK
K02618	-1.181228737	paaZ
K01664	0.663571866	pabA
K13950	-0.285538012	pabAB
K01665	1.390573946	pabB
K03342	-1.741650549	pabBC
K02619	1.940724743	pabC
K12632	-5.136600963	pac
K01434	0.763350136	pac
K18361	-1.144357319	padB
K18357	-3.756703587	padE
K16794	-1.007449387	PAFAH1B1, LIS1
K16795	5.603095388	PAFAH1B2_3
K12973	1.913606604	pagP, crcA
K12676	-3.457155745	pah
K00606	1.521163976	panB
K01918	0.850040608	panC
K13799	2.339918292	panC-cmk
K01579	2.445591712	panD
K00077	-0.222335455	panE, apbA
K09680	-1.717600629	PANK1_2_3, CAB1, coaW
K03823	0.530304309	pat, bar
K09251	-9.088646961	patA
K00841	-0.496659288	patA
K14155	0.558986218	patB, malY
K18385	-3.09643064	PAXC, ATMC, LTMC
K05364	1.175002455	pbpA
K01958	-0.036631794	PC, pyc
K01857	0.177046763	pcaB
K01607	-0.6662728	pcaC
K01055	0.090846308	pcaD
K07823	1.677467663	pcaF
K00448	1.898459453	pcaG
K00449	-0.540499894	pcaH
K01031	-0.699736575	pcaI
K01032	-2.985910585	pcaJ
K14727	-5.73979974	pcaL
K01724	-0.500024558	PCBD, phhB
K01965	-0.742229494	PCCA, pccA
K19312	-2.184050072	pccB
K01966	0.44061104	PCCB, pccB
K04782	-0.91512747	pchB
K05797	5.908109246	pchF
K01610	0.900001551	pckA
K21607	-4.927013913	pcpD
K01004	0.48228931	pcs
K01026	-0.134652507	pct
K05371	-5.535982822	pcyA
K05906	-3.365162387	PCYOX1, FCLY
K00968	-3.784212605	PCYT1
K00967	2.281340739	PCYT2
K02626	2.722974288	pdaD
K01568	-0.208242614	PDC, pdc
K00161	-0.686961724	PDHA, pdhA
K00162	-0.703038036	PDHB, pdhB
K00756	-0.308357129	pdp
K02293	-6.04010802	PDS, crtP
K01699	-2.501283265	pduC
K13919	-5.457162715	pduD
K13920	0.463045823	pduE
K13923	1.936635886	pduL
K13922	-2.717161946	pduP
K13921	-1.315776463	pduQ
K19697	-0.357936075	pduW
K16651	-0.146968249	pduX
K00097	-0.973013303	pdxA
K03473	0.007877199	pdxB
K00275	0.045701455	pdxH, PNPO
K03474	0.000571699	pdxJ
K00868	0.375356049	pdxK, pdxY
K06215	1.297494042	pdxS, pdx1
K08681	0.605860205	pdxT, pdx2
K01728	-0.597216297	pel
K17476	-1.623929862	penM, pntM, CYP161C
K17836	-0.471900487	penP
K16146	0.873228152	pep2
K07751	-0.227832962	pepB
K20370	-0.573451788	PEPCK
K01270	1.483925586	pepD
K01841	-2.290342943	pepM
K01256	0.607812818	pepN
K13010	0.410717705	per, rfbE
K02636	-1.492599812	petC
K01952	1.12236618	PFAS, purL
K21071	2.102798708	pfk, pfp
K00850	0.173820286	pfkA, PFK
K16370	0.261150626	pfkB
K00895	2.270518859	pfp, PFP
K01834	1.645983467	PGAM, gpmA
K18694	-0.021561879	PGC1
K00033	0.338974128	PGD, gnd, gntZ
K06859	-1.707113113	pgi1
K15916	5.008479599	pgi-pmi
K00927	1.059482829	PGK, pgk
K07404	-0.505554529	pgl
K01057	1.448386107	PGLS, pgl, devB
K01835	1.357212178	pgm
K15779	-2.020609981	PGM2
K01836	-5.161450921	PGM3
K01838	4.627870568	pgmB
K01095	-1.419475897	pgpA
K01096	-0.197217321	pgpB
K18697	-3.133684226	pgpC
K00995	2.019231335	pgsA, PGS1
K10437	-1.180319808	PHAA, PHACA, CYP504A1
K03821	-0.114882985	phaC, phbC
K10438	-7.030661663	PHACB, CYP504B1
K05973	-1.657761819	phaZ
K00023	-0.963570746	phbB
K14170	0.221079571	pheA
K04093	-0.600169375	pheA1
K04518	0.437355574	pheA2
K06209	-1.593768522	pheB
K01713	0.263008843	pheC
K00500	-0.440169882	phhA, PAH
K19670	4.942976772	phnA
K06166	-7.730210646	phnG
K06165	-6.470960347	phnH
K06164	-1.056907741	phnI
K06163	-1.046815283	phnJ
K05780	0.434001807	phnL
K06162	1.446828172	phnM
K05774	0.498995818	phnN
K06167	-1.20441709	phnP
K03430	-1.077364291	phnW
K05306	0.446340235	phnX
K21195	6.493441728	phnY
K21196	-3.47437262	phnZ
K01078	-0.934520575	PHO
K01113	-0.145739979	phoD
K09474	0.591074636	phoN
K08352	3.725189376	phsA, psrA
K08354	1.209342205	phsC
K18069	-5.071719484	pht2
K18068	-3.072511435	pht3
K18067	1.597674727	pht4
K04102	0.93828334	pht5
K13063	3.44704856	phzE
K13711	-0.700925129	PI4K2
K00888	-2.879462132	PI4KA
K19801	0.623535939	PI4KB
K03857	-6.022062756	PIGA, GPI3
K05286	-7.957321166	PIGB
K03859	-4.058586203	PIGC, GPI2
K05310	-5.803969194	PIGG, GPI7
K03434	-4.892749438	PIGL
K05284	0.614737351	PIGM
K05285	-3.176753682	PIGN
K05288	1.470808469	PIGO
K03861	-5.630813571	PIGP, GPI19, DSCR5
K03860	-7.362316784	PIGQ, GPI1
K07542	-7.171070005	PIGV
K05283	-6.691260647	PIGW
K08098	-1.865700859	PIGZ, SMP3
K00914	-5.929324173	PIK3C3, VPS34
K00921	0.317750054	PIKFYVE, FAB1
K08256	2.437926227	pimA
K13668	1.135039726	pimB
K01259	-0.796867951	pip
K00889	-5.624880574	PIP5K
K00306	-2.053609484	PIPOX
K00873	0.892309748	PK, pyk
K15316	-1.634793693	PKSA
K16342	-8.711206618	PLA2G4, CPLA2
K01062	5.991513808	PLA2G7, PAFAH
K01114	0.168727095	plc
K01771	2.768759815	plc
K05857	-3.265460954	PLCD
K17717	-2.444815041	pld
K01115	0.48744954	PLD1_2
K01058	-2.041314439	pldA
K00631	-0.149192009	plsB
K00655	0.640866769	plsC
K03621	-0.100129761	plsX
K08591	0.789155412	plsY
K17497	-0.097790603	PMM
K15778	0.000826302	pmm-pgm
K10944	-8.418790885	pmoA-amoA
K10945	-8.221666811	pmoB-amoB
K10946	-7.063429905	pmoC-amoC
K00570	1.088624521	pmtA
K01440	-6.514831556	PNC1
K08281	2.210870228	pncA
K00763	0.982398276	pncB, NAPRT1
K03742	0.098133986	pncC
K03743	1.151539759	pncC
K00324	-0.680366916	pntA
K00325	-1.251745783	pntB
K00481	0.301760234	pobA
K19785	-6.129661064	POF1
K00728	0.466996529	POMT, pmt
K16871	-3.757892939	POP2
K00218	0.139851179	por
K03737	1.460553068	por, nifJ
K00169	-0.367557025	porA
K00170	0.295801618	porB
K00171	-3.559793718	porD
K00156	0.522714446	poxB
K01595	-0.374431008	ppc
K01598	-1.005722356	PPCDC, coaC
K01922	0.351015057	PPCS, COAB
K01006	2.394516807	ppdK
K00886	2.829911599	ppgK
K19669	-2.628329177	pphA
K00858	0.41964168	ppnK, NADK
K17862	-4.832592582	PPOC
K00231	0.686940979	PPOX, hemY
K01007	0.522925652	pps, ppsA
K01074	-7.184735034	PPT
K01524	1.223550189	ppx-gppA
K20257	-6.161563732	pqsE
K01821	2.01907614	praC, xylH
K10793	0.506448196	prdA
K10794	0.860392665	prdB
K01777	0.411491947	prdF
K17723	-0.453681608	preA
K17722	-4.447252568	preT
K13485	1.018679865	PRHOXNB, URAD
K00855	0.045254671	PRK, prkB
K18223	-2.90905037	prmA
K18224	-3.73519702	prmC
K14266	-3.856701354	prnA, rebH, ktzQ
K19982	-4.797848457	prnD
K00147	0.78726608	proA
K00931	0.502978795	proB
K00286	1.344603247	proC
K00318	-3.92551011	PRODH, fadM, putB
K03417	0.315283618	prpB
K01659	-0.503327456	prpC
K01720	0.248574142	prpD
K09788	-0.707644095	prpF
K00948	0.641120716	PRPS, prsA
K00137	-2.127558118	prr
K01514	-3.118188735	PRUNE, PPX1
K01613	-0.542734559	psd, PISD
K15894	-3.336023735	pseB, wbjB
K15899	1.509926663	pseF
K15898	-4.913587652	pseI, neuB3
K00998	-2.357210323	pssA
K16329	0.674127947	psuG
K16328	-0.292635617	psuK
K00625	0.231835457	pta
K13788	1.169092389	pta
K00634	-0.554093291	ptb
K01110	6.497710009	PTEN
K02779	0.230180936	ptsG
K20118	-1.53638103	ptsG, glcA, glcB
K00839	0.15891254	pucG
K01200	1.492223394	pulA
K03783	-0.066630904	punA, PNP
K03343	-0.274505532	puo
K01939	1.047922656	purA, ADSS
K01756	0.806569974	purB, ADSL
K01923	1.699805358	purC
K13713	-5.032868733	purCD
K01945	1.076787734	purD
K01588	2.396050971	purE
K00764	0.864708524	purF, PPAT
K00602	1.445700437	purH
K01589	1.117171966	purK
K01933	1.410165586	purM
K11175	1.030967235	purN
K11176	-2.479905368	purO
K08289	0.966466425	purT
K01433	-0.087207411	purU
K13821	1.349904347	putA
K09470	0.697801665	puuA
K09471	-0.732229475	puuB, ordL
K09472	-1.290561584	puuC, aldH
K09473	-1.01620769	puuD
K00823	3.059109554	puuE
K01959	-1.085738729	pycA
K01960	2.54565641	pycB
K06016	0.327670241	pydC
K00688	0.318349168	PYG, glgP
K00609	0.941831326	pyrB, PYR2
K00226	1.393576558	pyrD
K17828	0.359455876	pyrDI
K00762	0.90411865	pyrE
K01591	1.953255746	pyrF
K01937	0.36694974	pyrG, CTPS
K09903	0.845355605	pyrH
K00610	3.432725547	pyrI
K02825	2.351416027	pyrR
K08685	-2.243954075	qhpA
K19267	1.227273497	qorB
K02826	-9.462483	qoxA
K02827	-0.815606868	qoxB
K02828	-0.799176828	qoxC
K02829	-5.476609886	qoxD
K06920	-0.14787384	queC
K01737	-1.57689865	queD, ptpS, PTS
K10026	0.164393484	queE
K09457	-1.236805554	queF
K06879	0.06077849	queF
K05358	-0.505614554	quiA
K09483	-4.958544623	quiC
K09484	-5.887369052	QUTB, QA-3
K01779	1.990558234	racD
K01601	-1.448490275	rbcL, cbbL
K01602	-1.664226487	rbcS, cbbS
K00852	1.096158249	rbsK, RBKS
K00039	-2.849373149	rbtD
K00875	0.556538906	rbtK, FGGY
K08658	0.2491541	RCE1, FACE2
K01519	-7.239702085	rdgB, ITPA
K11153	3.735577121	RDH12
K00951	-0.549088604	relA
K01787	4.939909694	RENBP
K09516	1.015159882	RETSAT
K21344	0.600739258	rfaE1
K21345	-0.714209642	rfaE2
K00973	1.006051776	rfbA, rmlA, rffH
K01710	1.358010209	rfbB, rmlB, rffG
K01790	-0.219834662	rfbC, rmlC
K00067	0.069424748	rfbD, rmlD
K12454	-1.924478529	rfbE
K00978	1.228960489	rfbF
K01709	-1.114260181	rfbG
K01820	-1.362262225	rhaA
K01813	2.410730122	rhaA
K00848	2.588230054	rhaB
K01629	1.03499132	rhaD
K13061	-2.694004909	rhlI, phzI, solI, cepI, tofI
K12660	-5.717880436	rhmA
K14654	1.498191467	RIB7, arfC
K01497	0.207494922	ribA, RIB1
K02858	1.020692413	ribB, RIB3
K14652	1.084224598	ribBA
K11752	0.14758806	ribD
K00082	-0.004913186	ribD2
K00793	1.706995924	ribE, RIB5
K11753	0.923485952	ribF
K00794	0.469275745	ribH, RIB4
K16016	-1.178698113	rifK, asm24, asm43
K10213	-5.38397252	rihB
K15856	-4.358036195	rmd
K00819	-0.419603925	rocD, OAT
K01783	0.054294879	rpe, RPE
K01807	-0.336658739	rpiA
K01808	1.397743364	rpiB
K10807	-0.807229107	RRM1
K10808	-0.066045207	RRM2
K06949	0.655464829	rsgA, engC
K08323	-0.895337856	rspA, manD
K08322	1.481712065	rspB
K00527	1.473764622	rtpR
K05297	0.662050006	rubB, alkT
K09018	-2.166873373	rutA
K09020	-0.139399334	rutB
K09021	0.343856624	rutC
K09023	1.926986917	rutD
K09019	0.097964338	rutE
K09024	1.761529666	rutF
K21797	1.52226516	SAC1, SACM1L
K00692	0.141692583	sacB
K01212	-4.407254519	sacC, levB
K08324	-2.174399831	sad
K00314	-6.404714195	SARDH
K00958	-1.125224713	sat, met3
K21949	-0.585707753	sbnA
K00227	-0.346167034	SC5DL, ERG3
K00507	-0.126089317	SCD, desC
K01028	-2.366729436	scoA
K01029	0.648676434	scoB
K08764	-2.899457405	SCP2, SCPX
K11264	-2.806850072	scpB, mmcD
K02810	2.348158692	scrA, sacP, sacX, ptsS
K00239	0.915110495	sdhA, frdA
K00234	-0.867716639	SDHA, SDH1
K00240	1.181142545	sdhB, frdB
K00235	-2.115520253	SDHB, SDH2
K00241	0.98480667	sdhC, frdC
K00236	3.246675506	SDHC, SDH3
K00242	0.921203581	sdhD, frdD
K00237	-3.155493207	SDHD, SDH4
K18897	-6.4651405	sdmt
K15734	-1.077465974	SDR16C5
K17989	-2.434759007	SDS, SDH, CHA1
K01042	-0.478740429	selA
K01008	0.419231083	selD, SEPHS
K00058	0.992026127	serA, PHGDH
K01079	0.762405536	serB, PSPH
K00831	0.971860206	serC, PSAT1
K11422	-1.675111657	SETD1, SET1
K17228	0.219579327	sfnG
K01178	2.960945462	SGA1
K15314	-1.60611039	sgcE, mdpE, ncsE, kedE, calE8, pksE
K21185	2.046975645	sgcE6, mdpE6, kedE6
K01634	1.449305751	SGPL1, DPL1
K01565	-6.458675918	SGSH
K06045	-3.709660321	shc
K00392	0.08296106	sir
K11121	-0.194234638	SIR2
K03794	3.66000871	sirB
K16843	-4.731490155	slcC
K12350	0.514528162	SMPD1, ASM
K12351	-6.744230654	SMPD2
K00559	-0.409381228	SMT1, ERG6
K00637	-5.325746682	SOAT
K21307	-0.387948644	soeA
K21308	1.413570494	soeB
K21309	-0.26204734	soeC
K05301	-0.226030226	sorA
K02814	2.065724266	sorA, sorC
K02813	-5.585148668	sorB
K21620	4.783861817	sorbD
K00008	1.344647716	SORD, gutB
K19956	1.986352492	sorE
K02812	-3.956749843	sorF, sorA
K02815	5.499934938	sorM, sorD
K17742	-3.174963301	SOU1
K00302	-2.255986652	soxA
K17222	0.241331125	soxA
K00303	-0.73402638	soxB
K17224	-0.536530489	soxB
K17225	0.918797678	soxC
K00304	-7.312948273	soxD
K00305	1.948960718	soxG
K17223	-2.272223969	soxX
K17226	-7.957639126	soxY
K17227	-0.226907426	soxZ
K00316	2.172956351	spdH
K01585	0.196570472	speA
K01480	0.086444958	speB
K01611	0.016157739	speD, AMD1
K00797	0.101911578	speE, SRM, SPE3
K00657	0.746612845	speG, SAT
K04718	-2.16077883	SPHK
K01139	0.138217795	spoT
K00654	-5.77958515	SPT
K12256	-0.650004143	spuC
K00158	-0.708252268	spxB, poxL
K06118	-2.311421573	SQD1, sqdB
K00511	0.798525916	SQLE, ERG1
K17218	-1.705924904	sqr
K12343	-3.175083624	SRD5A1
K02783	1.513054616	srlA
K02781	-0.77156474	srlB
K00068	2.223216728	srlD
K02782	-0.766808514	srlE
K12235	5.06394189	SRR
K04091	-0.564658606	ssuD, msuD
K00299	-0.354554369	ssuE, msuE
K20077	-3.36050024	staC
K06013	0.581908031	STE24
K00322	-2.032345445	sthA, udhA
K07151	-2.085385869	STT3
K01903	0.947002502	sucC
K01902	1.325414997	sucD
K18119	5.236109676	sucD
K11717	0.156915036	sufS
K18974	3.564645753	sul1
K13940	-0.006919561	sulD
K00387	-2.595244417	SUOX
K04713	1.195354279	SUR2
K03787	-0.319699791	surE
K21574	-0.216366188	susB
K11419	-5.532429118	SUV39H, CLR4
K11429	-1.212988901	SUV420H
K16846	-3.826706037	suyB
K20279	0.972300412	SYNJ
K21622	4.089144345	tag6PK
K00980	3.928304642	tagD
K00616	0.46571454	TALDO1, talB, talA
K13810	-2.570015721	tal-pgi
K20023	0.283214183	talrD-galrD
K14265	-3.566620666	Tam1
K21030	-2.543044069	tarI
K05352	-1.573009371	tarJ
K03119	0.250347567	tauD
K07256	5.795497808	tauY
K13511	-1.786097696	TAZ
K00932	-2.623610952	tdcD
K00060	-0.7255365	tdh
K00857	0.352743672	tdk, TK
K00453	-0.224026178	TDO2, kynA
K03707	0.807384888	tenA
K10810	-1.113068401	tenI
K10258	-5.676567232	TER, TSC13, CER10
K16051	1.611845976	tesI
K10676	0.443489642	tfdB
K18210	0.452020681	tfrB
K14674	-6.025356786	TGL4
K00635	-0.004390417	tgs, wax-dgat
K00877	-4.353306233	THI20
K03146	-2.655122725	THI4, THI1
K18278	-6.023748239	THI5
K14154	1.742828698	THI6
K03147	0.291514056	thiC
K00941	0.780280796	thiD
K14153	6.370764356	thiDE
K21219	-6.198760158	thiDN
K00788	0.044213738	thiE
K03148	-0.531327308	thiF
K03149	1.67915078	thiG
K03150	-0.116532679	thiH
K03151	-0.097248417	thiI
K07251	1.057384314	thiK
K00946	1.309762486	thiL
K00878	1.112934163	thiM
K00949	-0.194381336	thiN, TPK1, THI80
K03153	-0.720245337	thiO
K12524	0.087090354	thrA
K00872	0.518573966	thrB
K02204	0.741203974	thrB2
K01733	0.18974624	thrC
K02203	1.757889445	thrH
K00560	0.065091871	thyA, TYMS
K03465	1.461572081	thyX, thy1
K15780	1.256304746	tilS-hprT
K00222	-0.291025007	TM7SF2, ERG24
K18575	-2.444629315	TMEM86B
K00943	0.782335451	tmk, DTYMK
K00474	3.038743589	TMLHE
K18277	-0.93470375	tmm
K15760	-4.254854841	tmoA, tbuA1, touA
K01667	-0.881149078	tnaA
K15372	-4.036786389	toa
K03851	-3.005377799	tpa
K00502	-4.11692422	TPH1_2
K18077	-3.514922407	tphA1
K18075	-4.602565973	tphA3
K18076	-1.144301343	tphB
K01803	1.249818357	TPI, tpiA
K00569	4.956532902	TPMT, tpmT
K16055	-0.014386773	TPS
K08081	-6.344450355	TR1
K02819	-0.749120903	treB, treP
K01226	0.514866285	treC
K01194	-0.979966983	TREH, treA, treF
K05342	-1.049617724	treP
K05343	-0.543267845	treS
K13057	3.214085431	treT
K06044	-0.271301757	treY, glgY
K01236	-2.153735761	treZ, glgZ
K01694	-3.037211709	TRP
K13501	-2.550754217	TRP1
K01695	1.052951363	trpA
K06001	-0.209706104	trpB
K01696	0.180004392	trpB
K01609	0.451163703	trpC
K13498	-0.971160204	trpCF
K00766	-0.215276768	trpD
K01657	0.284479239	trpE
K13503	-0.758177384	trpEG
K01817	-0.052663115	trpF
K01658	0.781851212	trpG
K13497	-0.511304107	trpGD
K00384	1.405326223	trxB, TRR
K01011	0.265712242	TST, MPST, sseA
K02377	0.128187123	TSTA3, fcl
K03779	-2.47468454	ttdA
K03780	-1.518166826	ttdB
K19113	-3.77526724	ttr
K08357	0.592762756	ttrA
K08358	-3.664894044	ttrB
K08359	1.054461537	ttrC
K07246	-0.559200471	ttuC, dmlA
K00505	-3.591478008	TYR
K00211	-3.395796578	TYR1
K14187	0.125403511	tyrA
K04092	0.191157024	tyrA1
K04517	0.164082161	tyrA2
K00832	-0.515152489	tyrB
K00220	-2.687169154	tyrC
K00972	-0.377865444	UAP1
K00365	0.504714702	uaZ
K03179	1.205017947	ubiA
K03181	-1.542820122	ubiC
K03182	-1.544808652	ubiD
K03183	-0.127220563	ubiE
K03184	-0.58507261	ubiF
K00568	0.776731096	ubiG
K03185	-0.108403881	ubiH
K18800	-0.753204497	ubiI
K03186	-0.437980775	ubiX, bsdB, PAD1
K18981	-0.552084765	udh
K00876	-0.985027751	udk, UCK
K00757	0.71691396	udp, UPP
K12451	-0.299424662	UER1
K00720	-0.922680321	UGCG
K00012	0.130034796	UGDH, ugd
K16856	-2.312076095	ugl
K00963	0.416002825	UGP2, galU, galF
K03429	0.596999745	ugtP
K01195	0.090886769	uidA, GUSB
K03475	0.80990005	ulaA, sgaT
K02822	0.198443176	ulaB, sgaB
K02821	-0.603305278	ulaC, sgaA
K03078	-1.840482341	ulaD, sgaH, sgbH
K03079	-0.302252784	ulaE, sgaU, sgbU
K03476	-0.139572849	ulaG
K13421	-4.827520211	UMPS
K01431	-2.704616822	UPB1, pydC
K00761	0.858465006	upp, UPRT
K00806	-0.236179117	uppS
K11541	-0.77869256	URA2
K01465	0.348823608	URA4, pyrC
K07127	-0.275659661	uraH, pucM, hiuH
K17363	0.81666196	urdA
K01427	-3.292402062	URE
K01430	-1.803725646	ureA
K14048	-1.887920114	ureAB
K01429	-1.819231275	ureB
K01428	-0.377351123	ureC
K01240	4.291590026	URH1
K11751	1.212755567	ushA
K12447	-3.071080647	USP
K01685	0.506412215	uxaA
K16849	-2.321080247	uxaA1
K00041	0.519124641	uxaB
K01812	0.447531378	uxaC
K12448	1.579090687	UXE, uxe
K08678	-1.71319552	UXS1, uxs
K01686	-1.045313893	uxuA
K00040	-0.029686599	uxuB
K03862	-1.721554218	vanA
K03863	-3.522780092	vanB
K00271	-0.37576793	vdh
K21802	-0.252992732	vdh
K20429	-0.920971032	vioA
K00186	-5.613458925	vorA
K00187	-0.075723047	vorB
K17647	-3.002454954	VRDA
K03279	-3.644129977	waaJ, rfaJ
K03276	-1.551515949	waaR, waaT, rfaJ
K17947	1.619038829	wbiB
K13015	0.509439569	wbpA
K13016	-7.169267796	wbpB
K13018	0.31480958	wbpD, wlbB
K13017	-0.152978589	wbpE, wlbC
K13019	-0.71516281	wbpI, wlbD
K02474	-2.216573572	wbpO
K02473	0.570753525	wbpP
K02851	0.309369235	wecA, tagO, rfe
K01791	-0.512445325	wecB
K02472	0.142553762	wecC
K13020	0.081585838	wlbA, bplA
K03809	-1.414080854	wrbA
K18240	7.842653211	xanB2
K14273	-2.787280065	xdh
K00106	-1.573376135	XDH
K13481	-1.069294002	xdhA
K13482	-0.556417403	xdhB
K12528	1.223410901	xdhD
K01621	-0.061379948	xfp, xpk
K03816	-0.974632893	xpt
K03852	-0.180813035	xsc
K17743	-6.855701667	XYL1, XYRA
K15920	-0.239810516	XYL4
K01805	-0.413732917	xylA
K00854	0.872093767	xylB, XYLB
K00141	-0.539940905	xylC
K14274	-0.197406259	xylC
K01198	0.649965497	xynB
K15921	-6.539327762	xynD
K00594	-6.681618791	xyoA, aldO
K11177	-0.196967688	yagR
K11178	0.214113411	yagS
K13483	-3.26855142	yagT
K20861	-1.329678987	ybjI
K21064	0.176522823	ycsE, yitU, ywtE
K16066	0.604056697	ydfG
K19709	-6.794929209	ydiF
K18471	-1.604366185	ydjG
K08722	-2.015948525	yfbR
K08693	-1.936007321	yfkN
K00087	3.080362127	ygeS, xdhA
K13479	-1.133184201	ygeT, xdhB
K13480	-0.749934297	ygeU, xdhC
K12527	0.986385413	ygfK
K12529	-6.355641336	ygfM
K11358	1.365914807	yhdR
K13954	1.073415675	yiaY
K20862	-0.403676111	yigB
K08318	-4.471395289	yihU
K20866	-1.878331083	yihX
K08723	-0.792922786	yjjG
K14977	-0.506185107	ylbA, UGHY
K20895	6.301049239	ylmB
K14642	-5.192096379	YND1
K07309	-0.594545222	ynfE
K07310	5.293860961	ynfF
K08325	-0.496929631	yqhD
K20881	-2.741468859	yrfG
K17462	3.140638318	yrrT
K11816	-2.202733917	YUCCA
K00514	-1.277774914	ZDS, crtQ
