Class	Node_ID	Node_Label	Log2FC	Heat
reaction	K01194	TREH, treA, treF	-0.979966983	0.979966983
metabolite	WQZGKKKJIJFFOK	d-(+)-mannose	-2.878337821	2.878337821
reaction	K00284	GLU, gltS	-2.521727825	2.521727825
metabolite	WHUUTDBJXJRKMK	l-glutamic acid	-0.655259056	0.655259056
metabolite	OVRNDRQMDRJTHS	n-acetyl-d-glucosamine	-3.953183893	3.953183893
reaction	K05350	bglB	-1.899703996	1.899703996
reaction	K01188	E3.2.1.21	-4.760703464	4.760703464
reaction	K01187	malZ	-0.535781581	0.535781581
metabolite	OUYCCCASQSFEME	l-tyrosine	0.974195143	0.974195143
metabolite	ZGXJTSGNIOSYLO	5-aminolevulinic acid	0.797658289	0.797658289
reaction	K00793	ribE, RIB5	1.706995924	1.706995924
metabolite	AUNGANRZJHBGPY	(-)-riboflavin	1.819514862	1.819514862
reaction	K14642	YND1	-5.192096379	5.192096379
reaction	K04765	mazG	-0.530614815	0.530614815
metabolite	UDMBCSSLTHHNCD	adenosine 5'-monophosphate	-2.89991721	2.89991721
reaction	K00264	GLT1	-1.203289202	1.203289202
reaction	K00383	GSR, gor	0.996745328	0.996745328
metabolite	YPZRWBKMTBYPTK	glutathione, oxidized	-4.534273721	4.534273721
metabolite	DFPAKSUCGFBDDF	niacinamide	-3.223304334	3.223304334
metabolite	RHGKLRLOHDJJDR	l-citrulline	0.716540917	0.716540917
reaction	K00266	gltD	1.160180578	1.160180578
metabolite	PVNIIMVLHYAWGP	nicotinic acid	4.251021833	4.251021833
reaction	K00988	APA1_2	-2.407556781	2.407556781
reaction	K19710	E2.7.7.53	2.120135733	2.120135733
reaction	K18532	AK6, FAP7	3.373190292	3.373190292
reaction	K11142	LAP3	-6.069223674	6.069223674
reaction	K11753	ribF	0.923485952	0.923485952
reaction	K01490	AMPD	-1.000206606	1.000206606
reaction	K01241	amn	-1.002381666	1.002381666
metabolite	GFFGJBXGBJISGV	adenine	-0.740999378	0.740999378
reaction	K01081	E3.1.3.5	1.144841199	1.144841199
reaction	K08693	yfkN	-1.936007321	1.936007321
reaction	K11751	ushA	1.212755567	1.212755567
reaction	K01518	NUDT2	6.077002995	6.077002995
reaction	K00856	ADK, adoK	-1.080293761	1.080293761
reaction	K01916	nadE	1.600189147	1.600189147
reaction	K00759	APRT, apt	1.098198383	1.098198383
reaction	K01120	cpdP	-0.881238798	0.881238798
reaction	K01251	AHCY, ahcY	-0.738785867	0.738785867
metabolite	ZJUKTBDSGOFHSH	s-(5'-adenosyl)-l-homocysteine	-0.715572175	0.715572175
metabolite	FFFHZYDWPBMWHY	dl-homocysteine	-3.400597752	3.400597752
reaction	K01243	mtnN, mtn, pfs	0.928277751	0.928277751
reaction	K18284	K18284	3.709905534	3.709905534
metabolite	JVTAAEKCZFNVCJ	d-lactic acid	0.970452732	0.970452732
reaction	K01007	pps, ppsA	0.522925652	0.522925652
reaction	K01006	ppdK	2.394516807	2.394516807
reaction	K00931	proB	0.502978795	0.502978795
reaction	K15371	GDH2	1.199846766	1.199846766
reaction	K13821	putA	1.349904347	1.349904347
reaction	K00294	E1.2.1.88	2.039483726	2.039483726
reaction	K00262	E1.4.1.4, gdhA	0.615991663	0.615991663
reaction	K01469	OPLAH, OXP1, oplAH	-1.495599386	1.495599386
metabolite	ODHCTXKNWHHXJC	d-pyroglutamic acid	-0.820150977	0.820150977
reaction	K05597	aspQ, ansB, ansA	1.470644403	1.470644403
reaction	K01425	glsA, GLS	1.652793322	1.652793322
reaction	K11541	URA2	-0.77869256	0.77869256
reaction	K01956	carA, CPA1	0.517275478	0.517275478
reaction	K01955	carB, CPA2	0.786345492	0.786345492
reaction	K01950	E6.3.5.1, NADSYN1, QNS1, nadE	1.72144962	1.72144962
reaction	K00814	GPT, ALT	-0.747857701	0.747857701
reaction	K00618	ARG2	4.785953806	4.785953806
reaction	K00619	argA	-1.245302621	1.245302621
metabolite	RFMMMVDNIPUKGG	n-acetyl-l-glutamic acid	1.49702208	1.49702208
reaction	K01776	murI	0.78435576	0.78435576
reaction	K01580	E4.1.1.15, gadB, gadA, GAD	-2.089147742	2.089147742
reaction	K19268	glmE, mutE, mamB	-4.130383102	4.130383102
reaction	K01846	glmS, mutS, mamA	0.927967195	0.927967195
reaction	K00432	gpx, btuE, bsaA	-1.159969004	1.159969004
reaction	K00845	glk	1.155104065	1.155104065
metabolite	NBSCHQHZLSJFNQ	d-mannose 6-phosphate	-0.663300647	0.663300647
reaction	K19813	gdh	3.12367141	3.12367141
metabolite	RFSUNEUAIZKAJO	d-fructose	-0.990747693	0.990747693
reaction	K01210	E3.2.1.58	2.161659363	2.161659363
reaction	K01199	EGLC	-0.80829566	0.80829566
reaction	K00467	E1.13.12.4	-1.6588486	1.6588486
reaction	K14454	GOT1	-5.583630753	5.583630753
reaction	K11358	yhdR	1.365914807	1.365914807
reaction	K14455	GOT2	0.692073168	0.692073168
reaction	K00813	aspC	-3.145428518	3.145428518
reaction	K00812	aspB	0.71876211	0.71876211
metabolite	CKLJMWTZIZZHCS	l-aspartic acid	-0.694029747	0.694029747
reaction	K00278	nadB	-1.207460219	1.207460219
reaction	K00273	DAO, aao	-4.064757512	4.064757512
metabolite	DHMQDGOQFOQNFH	glycine	-1.274319001	1.274319001
metabolite	FSYKKLYZXJSNPZ	sarcosine	-1.264585077	1.264585077
reaction	K00830	AGXT	-1.987788789	1.987788789
reaction	K00827	AGXT2	6.320902254	6.320902254
reaction	K00639	kbl, GCAT	1.042917827	1.042917827
reaction	K10816	hcnC	0.631443374	0.631443374
reaction	K10815	hcnB	-2.449266673	2.449266673
reaction	K01897	ACSL, fadD	0.969886665	0.969886665
reaction	K09758	asdA	-1.072445457	1.072445457
metabolite	KDYFGRWQOYBRFD	succinic acid	3.538327455	3.538327455
metabolite	VZCYOOQTPOCHFL	maleic acid	0.792997079	0.792997079
reaction	K01902	sucD	1.325414997	1.325414997
reaction	K01903	sucC	0.947002502	0.947002502
reaction	K01028	scoA	-2.366729436	2.366729436
reaction	K01027	OXCT	-1.27065363	1.27065363
reaction	K01029	scoB	0.648676434	0.648676434
reaction	K05526	astE	0.752258305	0.752258305
reaction	K07816	E2.7.6.5	-1.10647516	1.10647516
reaction	K00951	relA	-0.549088604	0.549088604
reaction	K01900	LSC2	-1.523088719	1.523088719
reaction	K01899	LSC1	1.149285612	1.149285612
reaction	K12526	lysAC	-4.390906687	4.390906687
reaction	K01582	E4.1.1.18, ldcC, cadA	1.370658475	1.370658475
metabolite	VHRGRCVQAFMJIZ	1,5-pentanediamine	1.011173626	1.011173626
reaction	K12525	metL	1.452273634	1.452273634
reaction	K00928	lysC	0.905421852	0.905421852
reaction	K01424	E3.5.1.1, ansA, ansB	0.589471067	0.589471067
metabolite	OTCCIMWXFLJLIA	n-acetylaspartate	-0.99091049	0.99091049
reaction	K01437	ASPA, aspA	0.842135655	0.842135655
reaction	K01579	panD	2.445591712	2.445591712
reaction	K18933	mfnA, adc	-0.767324166	0.767324166
metabolite	UCMIRNVEIXFBKS	.beta.-alanine	0.579761254	0.579761254
reaction	K01744	aspA	1.272308552	1.272308552
reaction	K01779	racD	1.990558234	1.990558234
reaction	K00681	ggt	-0.720862103	0.720862103
reaction	K21456	GSS	-3.688072672	3.688072672
reaction	K00955	cysNC	1.276821756	1.276821756
metabolite	OPTASPLRGRRNAP	cytosine	2.149126521	2.149126521
reaction	K13799	panC-cmk	2.339918292	2.339918292
metabolite	QAOWNCQODCNURD	sulfuric acid	0.644575679	0.644575679
reaction	K00958	sat, met3	-1.125224713	1.125224713
reaction	K00957	cysD	0.892547532	0.892547532
reaction	K00387	SUOX	-2.595244417	2.595244417
reaction	K01501	E3.5.5.1	-1.910401972	1.910401972
reaction	K20884	FHY	-4.164216754	4.164216754
reaction	K01093	appA	-8.74162222	8.74162222
reaction	K20861	ybjI	-1.329678987	1.329678987
reaction	K01078	PHO	-0.934520575	0.934520575
reaction	K09474	phoN	0.591074636	0.591074636
reaction	K14394	ACP1	1.326910412	1.326910412
reaction	K03788	aphA	-1.967868592	1.967868592
reaction	K01478	arcA	0.675667889	0.675667889
reaction	K00613	GATM	1.270754213	1.270754213
metabolite	BPMFZUMJYQTVII	guanidineacetic acid	-1.48450254	1.48450254
reaction	K00302	soxA	-2.255986652	2.255986652
reaction	K00305	soxG	1.948960718	1.948960718
reaction	K00306	PIPOX	-2.053609484	2.053609484
reaction	K00304	soxD	-7.312948273	7.312948273
reaction	K00301	E1.5.3.1	-1.52796148	1.52796148
reaction	K00303	soxB	-0.73402638	0.73402638
reaction	K00314	SARDH	-6.404714195	6.404714195
reaction	K00547	mmuM, BHMT2	1.736931207	1.736931207
reaction	K01740	metY	0.966298854	0.966298854
metabolite	RSTKLPZEZYGQPY	indole-3-pyruvic acid	2.605124048	2.605124048
reaction	K00463	IDO, INDO	-1.155700751	1.155700751
reaction	K14265	Tam1	-3.566620666	3.566620666
reaction	K01593	DDC, TDC	-1.179305843	1.179305843
metabolite	COLNVLDHVKWLRT	dl-phenylalanine	1.121497438	1.121497438
reaction	K00832	tyrB	-0.515152489	0.515152489
reaction	K00838	ARO8	-6.553870768	6.553870768
reaction	K00016	LDH, ldh	1.259237448	1.259237448
reaction	K03777	dld	0.524969757	0.524969757
reaction	K03778	ldhA	1.293528306	1.293528306
reaction	K00129	ALDH3	-1.23828885	1.23828885
reaction	K00135	gabD	0.674294851	0.674294851
reaction	K08324	sad	-2.174399831	2.174399831
reaction	K14157	AASS	6.012410425	6.012410425
reaction	K01668	E4.1.99.2	0.905801259	0.905801259
reaction	K00505	TYR	-3.591478008	3.591478008
reaction	K00220	tyrC	-2.687169154	2.687169154
metabolite	DZGWFCGJZKJUFP	phenol, 4-(2-aminoethyl)-	4.115704484	4.115704484
metabolite	SUHOOTKUPISOBE	2-aminoethyl dihydrogen phosphate	-2.772161784	2.772161784
reaction	K01620	ltaE	1.688182542	1.688182542
reaction	K00847	E2.7.1.4, scrK	1.595972263	1.595972263
reaction	K13810	tal-pgi	-2.570015721	2.570015721
reaction	K15916	pgi-pmi	5.008479599	5.008479599
reaction	K06859	pgi1	-1.707113113	1.707113113
reaction	K16011	algA, xanB, rfbA, wbpW, pslB	-0.797886641	0.797886641
reaction	K01760	metC	-0.71750369	0.71750369
reaction	K14155	patB, malY	0.558986218	0.558986218
reaction	K17217	mccB	-2.378253995	2.378253995
reaction	K01182	IMA, malL	1.416416035	1.416416035
reaction	K01193	INV, sacA	1.030676698	1.030676698
reaction	K00480	E1.14.13.1	-1.625160673	1.625160673
reaction	K00643	E2.3.1.37, ALAS	-0.508703375	0.508703375
reaction	K01232	glvA	0.501158815	0.501158815
reaction	K01226	treC	0.514866285	0.514866285
reaction	K01222	E3.2.1.86A, celF	1.170830909	1.170830909
reaction	K00394	aprA	-4.397272194	4.397272194
reaction	K00395	aprB	-5.789735714	5.789735714
reaction	K00007	dalD	1.027622394	1.027622394
reaction	K00045	E1.1.1.67, mtlK	-0.614285923	0.614285923
reaction	K00008	SORD, gutB	1.344647716	1.344647716
reaction	K03332	fruA	2.311987097	2.311987097
reaction	K16881	K16881	1.867859324	1.867859324
reaction	K01919	gshA	0.577859163	0.577859163
reaction	K11204	GCLC	-6.837241235	6.837241235
reaction	K11205	GCLM	-4.366910041	4.366910041
reaction	K01270	pepD	1.483925586	1.483925586
reaction	K01256	pepN	0.607812818	0.607812818
reaction	K15428	DUG1	0.662555395	0.662555395
reaction	K01431	UPB1, pydC	-2.704616822	2.704616822
reaction	K00823	puuE	3.059109554	3.059109554
reaction	K15372	toa	-4.036786389	4.036786389
reaction	K07250	gabT	-1.456856704	1.456856704
reaction	K01908	ACSS3, prpE	-0.770586088	0.770586088
reaction	K01930	FPGS	-5.194710934	5.194710934
reaction	K00600	glyA, SHMT	0.667640143	0.667640143
reaction	K00548	metH, MTR	-1.167796986	1.167796986
reaction	K20866	yihX	-1.878331083	1.878331083
reaction	K01085	agp	1.115949711	1.115949711
reaction	K18447	NUDX14	-1.215691128	1.215691128
reaction	K15779	PGM2	-2.020609981	2.020609981
reaction	K01835	pgm	1.357212178	1.357212178
reaction	K00761	upp, UPRT	0.858465006	0.858465006
reaction	K02825	pyrR	2.351416027	2.351416027
metabolite	ISAKRJDGNUQOIC	uracil	1.000889211	1.000889211
reaction	K03365	FCY1	-7.016248635	7.016248635
reaction	K17722	preT	-4.447252568	4.447252568
metabolite	OIVLITBTBDPEFK	dihydrouracil	0.541981995	0.541981995
reaction	K01658	trpG	0.781851212	0.781851212
reaction	K13503	trpEG	-0.758177384	0.758177384
reaction	K13497	trpGD	-0.511304107	0.511304107
reaction	K13501	TRP1	-2.550754217	2.550754217
metabolite	YGPSJZOEDVAXAB	l-kynurenine	-1.107591082	1.107591082
reaction	K01432	AFMID	0.849593969	0.849593969
reaction	K07130	kynB	-3.362526027	3.362526027
reaction	K14263	BNA7	-3.220137019	3.220137019
reaction	K00866	CKI1	-8.227077715	8.227077715
metabolite	OEYIOHPDSNJKLS	choline cation	-1.547418141	1.547418141
reaction	K17755	codA	-3.294052076	3.294052076
metabolite	SXKNCCSPZDCRFD	betaine aldehyde cation	-1.819585879	1.819585879
reaction	K01049	ACHE	0.760570375	0.760570375
reaction	K18696	GDE1	-2.840837752	2.840837752
reaction	K00011	AKR1B	-5.37995914	5.37995914
reaction	K00948	PRPS, prsA	0.641120716	0.641120716
reaction	K08312	nudE	-3.582739632	3.582739632
reaction	K01515	nudF	0.545769311	0.545769311
reaction	K13988	NUDT9	-1.823436616	1.823436616
reaction	K16329	psuG	0.674127947	0.674127947
reaction	K16330	K16330	-3.619123946	3.619123946
reaction	K01808	rpiB	1.397743364	1.397743364
reaction	K00764	purF, PPAT	0.864708524	0.864708524
reaction	K01947	birA-coaX	-5.803065791	5.803065791
reaction	K01942	HLCS	-1.502024464	1.502024464
reaction	K10213	rihB	-5.38397252	5.38397252
reaction	K01240	URH1	4.291590026	4.291590026
reaction	K01678	E4.2.1.2AB, fumB	0.984031696	0.984031696
reaction	K01679	E4.2.1.2B, fumC, FH	1.600982546	1.600982546
reaction	K01677	E4.2.1.2AA, fumA	0.807959799	0.807959799
reaction	K01756	purB, ADSL	0.806569974	0.806569974
reaction	K16164	K16164	2.351283774	2.351283774
reaction	K01799	nicE, maiA	-0.824109312	0.824109312
reaction	K00263	E1.4.1.9	-0.760365522	0.760365522
reaction	K00826	E2.6.1.42, ilvE	1.177315247	1.177315247
reaction	K00849	galK	1.102112932	1.102112932
reaction	K00035	gal	2.48476784	2.48476784
reaction	K04618	GAOA	-4.768568558	4.768568558
reaction	K07406	melA	2.013104204	2.013104204
reaction	K12308	bgaB, lacA	1.151664793	1.151664793
reaction	K01190	lacZ	0.872920158	0.872920158
reaction	K21749	CMAS	4.07005595	4.07005595
reaction	K00983	neuA, nnaC	-2.997319868	2.997319868
metabolite	SQVRNKJHWKZAKO	n-acetyl-a-neuraminic acid	1.699598553	1.699598553
reaction	K18550	ISN1	-3.536235062	3.536235062
reaction	K20881	yrfG	-2.741468859	2.741468859
metabolite	UGQMRVRMYYASKQ	inosine	-0.609028907	0.609028907
reaction	K00892	gsk	-0.713676344	0.713676344
reaction	K00760	hprT, hpt, HPRT1	1.012180827	1.012180827
reaction	K15780	tilS-hprT	1.256304746	1.256304746
metabolite	FDGQSTZJBFJUBT	hypoxanthine	-1.184940709	1.184940709
reaction	K01939	purA, ADSS	1.047922656	1.047922656
reaction	K00657	speG, SAT	0.746612845	0.746612845
metabolite	KLZGKIDSEJWEDW	n-acetylputrescine	2.158094069	2.158094069
reaction	K09251	patA	-9.088646961	9.088646961
reaction	K01745	hutH, HAL	0.946594548	0.946594548
metabolite	LOIYMIARKYCTBW	4-imidazoleacrylic acid	5.002564791	5.002564791
reaction	K18911	egtD	-2.648822659	2.648822659
reaction	K20246	EGT1	-3.155905157	3.155905157
reaction	K00010	iolG	-0.939261556	0.939261556
metabolite	CDAISMWEOUEBRE	myo-inositol	-4.949191034	4.949191034
reaction	K00469	MIOX	1.436389302	1.436389302
reaction	K18649	IMPL2	-1.246627783	1.246627783
reaction	K18819	GOLS	-3.48393328	3.48393328
reaction	K00884	NAGK, nagK	-2.512331446	2.512331446
reaction	K13381	chiA	-5.554151644	5.554151644
reaction	K01787	RENBP	4.939909694	4.939909694
metabolite	JTEYKUFKXGDTEU	2,3-dihydroxy-3-methylbutyric acid	-4.114395016	4.114395016
metabolite	KZSNJWFQEVHDMF	l-valine	-0.858263457	0.858263457
reaction	K00835	avtA	-0.767218465	0.767218465
reaction	K00283	gcvPB	-0.661525164	0.661525164
reaction	K00605	gcvT, AMT	0.851752717	0.851752717
reaction	K02437	gcvH, GCSH	3.306495586	3.306495586
metabolite	NYHBQMYGNKIUIF	guanosine	1.410540645	1.410540645
reaction	K00769	gpt	-1.419477233	1.419477233
reaction	K03816	xpt	-0.974632893	0.974632893
metabolite	UYTPUPDQBNUYGX	guanine	1.36649504	1.36649504
reaction	K01951	guaA, GMPS	1.097137709	1.097137709
reaction	K21053	ade	-1.965129952	1.965129952
reaction	K01239	E3.2.2.1	0.519218123	0.519218123
reaction	K19743	lhpI	-3.437266477	3.437266477
reaction	K01440	PNC1	-6.514831556	6.514831556
reaction	K08281	pncA	2.210870228	2.210870228
reaction	K10764	metZ	-1.412236256	1.412236256
reaction	K07173	luxS	1.8109076	1.8109076
reaction	K00141	xylC	-0.539940905	0.539940905
reaction	K17717	pld	-2.444815041	2.444815041
reaction	K00570	pmtA	1.088624521	1.088624521
metabolite	GTZCVFVGUGFEME	aconitic acid	-1.021937343	1.021937343
reaction	K19355	MAN	4.09130955	4.09130955
reaction	K01218	gmuG	-2.039055681	2.039055681
reaction	K01907	AACS, acsA	-0.728531282	0.728531282
reaction	K00457	HPD, hppD	-0.817880092	0.817880092
metabolite	CCVYRRGZDBSHFU	2-hydroxyphenylacetic acid	3.029347129	3.029347129
reaction	K00285	dadA	-0.945206698	0.945206698
reaction	K12732	ARO10	7.071670922	7.071670922
metabolite	DTUQWGWMVIHBKE	phenylacetaldehyde	0.909758311	0.909758311
reaction	K00609	pyrB, PYR2	0.941831326	0.941831326
reaction	K00610	pyrI	3.432725547	3.432725547
reaction	K00611	OTC, argF, argI	1.153331875	1.153331875
reaction	K00772	mtaP, MTAP	0.569053422	0.569053422
reaction	K05939	aas	-1.080749916	1.080749916
reaction	K01909	mbtM	2.36799672	2.36799672
metabolite	RWQNBRDOKXIBIV	thymine	3.332084538	3.332084538
metabolite	NBAKTGXDIBVZOO	5-methyl-5,6-dihydrouracil	-1.080572558	1.080572558
reaction	K04110	badA	-5.646406421	5.646406421
metabolite	LQXVFWRQNMEDEE	d-ribulose	-1.500311611	1.500311611
reaction	K00894	ETNK, EKI	-1.14447809	1.14447809
reaction	K12349	ASAH2	0.910551738	0.910551738
metabolite	WWUZIQQURGPMPG	d-erythro-c18-sphingosine	1.096214273	1.096214273
reaction	K17108	GBA2	0.775458327	0.775458327
reaction	K01201	GBA, srfJ	-2.738822236	2.738822236
reaction	K00034	gdh	-1.384049449	1.384049449
reaction	K00853	araB	-1.301577634	1.301577634
reaction	K00875	rbtK, FGGY	0.556538906	0.556538906
reaction	K00691	mapA	3.975856886	3.975856886
reaction	K19572	CECR1, ADA2	-3.566451346	3.566451346
metabolite	LNQVTSROQXJCDD	adenosine 3'-monophosphate	-2.899882309	2.899882309
reaction	K08687	E3.5.1.59	-6.208093168	6.208093168
reaction	K00315	DMGDH	-1.510029102	1.510029102
reaction	K08688	E3.5.3.3	-3.127177038	3.127177038
metabolite	CVSVTCORWBXHQV	creatine	-0.89133132	0.89133132
reaction	K00758	deoA, TYMP	1.172636042	1.172636042
reaction	K01818	fucI	2.686301273	2.686301273
reaction	K01785	galM, GALM	0.904612671	0.904612671
reaction	K01904	4CL	-3.097972111	3.097972111
reaction	K02362	entD	-2.236542219	2.236542219
reaction	K00854	xylB, XYLB	0.872093767	0.872093767
reaction	K14268	davT, gabT	2.674288055	2.674288055
reaction	K01487	guaD, GDA	1.119495398	1.119495398
metabolite	LRFVTYWOQMYALW	xanthine	2.373426582	2.373426582
reaction	K12111	ebgA	0.816669627	0.816669627
reaction	K12112	ebgC	2.34885106	2.34885106
metabolite	XOAAWQZATWQOTB	taurine	-1.508384263	1.508384263
reaction	K07256	tauY	5.795497808	5.795497808
reaction	K01664	pabA	0.663571866	0.663571866
reaction	K03342	pabBC	-1.741650549	1.741650549
reaction	K01665	pabB	1.390573946	1.390573946
reaction	K00763	pncB, NAPRT1	0.982398276	0.982398276
reaction	K01804	araA	1.223366686	1.223366686
reaction	K00055	E1.1.1.90	1.941514382	1.941514382
metabolite	FAQJJMHZNSSFSM	phenylglyoxylic acid	2.632047765	2.632047765
reaction	K00087	ygeS, xdhA	3.080362127	3.080362127
reaction	K13481	xdhA	-1.069294002	1.069294002
reaction	K13482	xdhB	-0.556417403	0.556417403
reaction	K00106	XDH	-1.573376135	1.573376135
reaction	K13483	yagT	-3.26855142	3.26855142
reaction	K13480	ygeU, xdhC	-0.749934297	0.749934297
reaction	K13479	ygeT, xdhB	-1.133184201	1.133184201
reaction	K01178	SGA1	2.960945462	2.960945462
reaction	K00999	CDIPT	6.920478742	6.920478742
reaction	K01654	neuB, nnaB	0.538883731	0.538883731
reaction	K01639	E4.1.3.3, nanA, NPL	1.137183815	1.137183815
reaction	K01840	manB	1.752799963	1.752799963
reaction	K05341	E2.4.1.4	0.959169675	0.959169675
reaction	K00226	pyrD	1.393576558	1.393576558
reaction	K05358	quiA	-0.505614554	0.505614554
reaction	K00757	udp, UPP	0.71691396	0.71691396
reaction	K00039	rbtD	-2.849373149	2.849373149
reaction	K05351	E1.1.1.9	-0.705320419	0.705320419
reaction	K00848	rhaB	2.588230054	2.588230054
reaction	K03331	DCXR	1.322987351	1.322987351
reaction	K01820	rhaA	-1.362262225	1.362262225
reaction	K00316	spdH	2.172956351	2.172956351
reaction	K13366	MPAO, PAO1	-6.615937728	6.615937728
metabolite	ATHGHQPFGPMSJY	spermidine	1.588032092	1.588032092
reaction	K01460	gsp	-1.431003464	1.431003464
metabolite	PHIQHXFUZVPYII	l-carnitine	-10.26872451	10.26872451
reaction	K04718	SPHK	-2.16077883	2.16077883
reaction	K14264	BNA3	3.890579597	3.890579597
reaction	K00486	KMO	-3.947394314	3.947394314
reaction	K18676	gspK	0.825263709	0.825263709
metabolite	MSWZFWKMSRAUBD	d-mannosamine	-3.082509616	3.082509616
reaction	K15855	csxA	-5.180419101	5.180419101
reaction	K04103	ipdC	1.223160972	1.223160972
reaction	K00529	hcaD	-0.765210076	0.765210076
reaction	K00967	PCYT2	2.281340739	2.281340739
reaction	K16369	CHO2	-1.715094919	1.715094919
reaction	K01196	AGL	-2.706758999	2.706758999
reaction	K00689	E2.4.1.5	-0.868927353	0.868927353
reaction	K19787	CARNMT1	-1.118383433	1.118383433
reaction	K00236	SDHC, SDH3	3.246675506	3.246675506
reaction	K00234	SDHA, SDH1	-0.867716639	0.867716639
reaction	K00240	sdhB, frdB	1.181142545	1.181142545
reaction	K00244	frdA	2.375024618	2.375024618
reaction	K00242	sdhD, frdD	0.921203581	0.921203581
reaction	K00241	sdhC, frdC	0.98480667	0.98480667
reaction	K00247	frdD	-4.84603344	4.84603344
reaction	K00237	SDHD, SDH4	-3.155493207	3.155493207
reaction	K00235	SDHB, SDH2	-2.115520253	2.115520253
reaction	K00239	sdhA, frdA	0.915110495	0.915110495
reaction	K00245	frdB	-0.713840377	0.713840377
reaction	K00246	frdC	-1.317958191	1.317958191
reaction	K00274	MAO, aofH	-1.052612258	1.052612258
reaction	K00886	ppgK	2.829911599	2.829911599
metabolite	HXEACLLIILLPRG	l-pipecolic acid	1.018748624	1.018748624
reaction	K13609	dpkA, lhpD	-2.604443869	2.604443869
reaction	K17724	IRG1	-7.53475824	7.53475824
metabolite	LVHBHZANLOWSRM	butanedioic acid, methylene-	-1.333992882	1.333992882
reaction	K22003	ais	3.905118886	3.905118886
reaction	K18851	fbp	1.534255835	1.534255835
reaction	K10797	enr	1.950220831	1.950220831
metabolite	XMIIGOLPHOKFCH	hydrocinnamic acid	2.912672271	2.912672271
reaction	K01845	hemL	0.882952814	0.882952814
metabolite	JJMDCOVWQOJGCB	5-aminovaleric acid	0.738654071	0.738654071
reaction	K00818	E2.6.1.11, argD	-0.716327651	0.716327651
reaction	K01479	hutG	-0.688868734	0.688868734
reaction	K00603	fctD	0.714895778	0.714895778
metabolite	AZQWKYJCGOJGHM	quinone	0.817786286	0.817786286
reaction	K00276	AOC3, AOC2, tynA	-1.308514819	1.308514819
reaction	K00471	BBOX1	2.083700237	2.083700237
reaction	K18289	ict-P	-1.893589268	1.893589268
reaction	K18288	ict-Y	2.753460141	2.753460141
reaction	K13830	ARO1	-1.801580879	1.801580879
reaction	K13829	aroKB	0.979216461	0.979216461
metabolite	JXOHGGNKMLTUBP	shikimic acid	-0.764354796	0.764354796
reaction	K00014	aroE	0.741603105	0.741603105
reaction	K18357	padE	-3.756703587	3.756703587
reaction	K01634	SGPL1, DPL1	1.449305751	1.449305751
metabolite	VVIUBCNYACGLLV	hypotaurine	-2.601051886	2.601051886
reaction	K01918	panC	0.850040608	0.850040608
reaction	K10438	PHACB, CYP504B1	-7.030661663	7.030661663
metabolite	FVMDYYGIDFPZAX	benzeneacetic acid, 3-hydroxy-	2.987676444	2.987676444
reaction	K00545	COMT	-4.605181829	4.605181829
reaction	K00146	feaB, tynC	-1.285260087	1.285260087
metabolite	WLJVXDMOQOGPHL	phenylacetic acid	5.080986782	5.080986782
reaction	K00137	prr	-2.127558118	2.127558118
metabolite	UYPYRKYUKCHHIB	trimethylamine n-oxide	-1.756670538	1.756670538
metabolite	KWIUHFFTVRNATP	betaine	-3.509711928	3.509711928
reaction	K05714	mhpC	-1.975627556	1.975627556
reaction	K02793	manXa	1.6828344	1.6828344
reaction	K02796	manZ	1.157797972	1.157797972
reaction	K02794	manX	0.758908232	0.758908232
reaction	K02795	manY	1.634924186	1.634924186
reaction	K00452	HAAO	0.997761562	0.997761562
metabolite	WJXSWCUQABXPFS	benzoic acid, 2-amino-3-hydroxy-	-4.982557417	4.982557417
metabolite	SEOVTRFCIGRIMH	3-indoleacetic acid	3.246726724	3.246726724
metabolite	XQXPVVBIMDBYFF	p-hydroxyphenylacetic acid	3.02934655	3.02934655
reaction	K00484	hpaC	-0.978076954	0.978076954
reaction	K00483	hpaB	-2.511132279	2.511132279
metabolite	QZAYGJVTTNCVMB	serotonin	-2.350491918	2.350491918
reaction	K00885	nanK	2.850789994	2.850789994
reaction	K03367	dltA	-0.667449243	0.667449243
reaction	K14188	dltC	-1.411140352	1.411140352
reaction	K05342	treP	-1.049617724	1.049617724
reaction	K01838	pgmB	4.627870568	4.627870568
reaction	K01439	dapE	0.635290981	0.635290981
reaction	K20118	ptsG, glcA, glcB	-1.53638103	1.53638103
reaction	K02777	crr	1.581969776	1.581969776
reaction	K00682	GGCT	4.237964931	4.237964931
reaction	K20429	vioA	-0.920971032	0.920971032
reaction	K01925	murD	0.954965031	0.954965031
reaction	K10793	prdA	0.506448196	0.506448196
reaction	K10794	prdB	0.860392665	0.860392665
reaction	K21672	ord	1.455912199	1.455912199
reaction	K01721	nthA	-5.098175455	5.098175455
reaction	K08081	TR1	-6.344450355	6.344450355
metabolite	QQXLDOJGLXJCSE	tropinone	1.82161274	1.82161274
metabolite	SNICXCGAKADSCV	nicotine	-2.117961426	2.117961426
reaction	K02302	cysG	0.61898869	0.61898869
reaction	K01712	hutU, UROC1	0.716401325	0.716401325
reaction	K08261	E1.1.99.21	-2.314323834	2.314323834
metabolite	LKDRXBCSQODPBY	d-tagatose	-2.878085981	2.878085981
reaction	K21620	sorbD	4.783861817	4.783861817
reaction	K16876	hmfD	3.831531454	3.831531454
reaction	K01032	pcaJ	-2.985910585	2.985910585
reaction	K01031	pcaI	-0.699736575	0.699736575
reaction	K01252	entB, dhbB, vibB, mxcF	1.544655065	1.544655065
reaction	K00053	ilvC	0.635718816	0.635718816
reaction	K13939	FOL1	1.525436959	1.525436959
reaction	K13941	folKP	-5.8031475	5.8031475
reaction	K00143	LYS2	-0.714069345	0.714069345
reaction	K17649	OMTB, dmtA	3.90493127	3.90493127
reaction	K13542	cobA-hemD	1.090350202	1.090350202
reaction	K13543	hemDX	1.059034117	1.059034117
reaction	K02303	cobA	2.157958174	2.157958174
reaction	K00589	MET1	-1.705397432	1.705397432
reaction	K01906	bioW	1.223383929	1.223383929
reaction	K02768	fruB	3.2817205	3.2817205
reaction	K02771	levG	2.479386826	2.479386826
reaction	K02770	fruA	0.678199139	0.678199139
reaction	K02769	fruAb	1.593302564	1.593302564
reaction	K00879	fucK	-2.17173058	2.17173058
reaction	K01220	E3.2.1.85, lacG	0.64118206	0.64118206
reaction	K18660	ACSF3	4.18026175	4.18026175
reaction	K18661	matB	-0.62029183	0.62029183
metabolite	ZIYVHBGGAOATLY	methylmalonic acid	3.434858532	3.434858532
reaction	K00474	TMLHE	3.038743589	3.038743589
reaction	K00109	L2HGDH	-5.371412787	5.371412787
metabolite	HWXBTNAVRSUOJR	(s)-2-hydroxyglutarate	1.59118694	1.59118694
reaction	K13995	nicF	1.255242774	1.255242774
reaction	K16246	dmpP, poxF, tomA5	4.322854814	4.322854814
reaction	K16243	dmpL, poxB, tomA1	-2.818593781	2.818593781
reaction	K16242	dmpN, poxD, tomA3	-6.532896249	6.532896249
reaction	K16245	dmpO, poxE, tomA4	-5.139230107	5.139230107
metabolite	QWVGKYWNOKOFNN	o-cresol	3.072289294	3.072289294
reaction	K00881	alsK	-1.300719781	1.300719781
reaction	K01202	GALC	-5.95746399	5.95746399
reaction	K18068	pht3	-3.072511435	3.072511435
reaction	K18069	pht2	-5.071719484	5.071719484
metabolite	XNGIFLGASWRNHJ	1,2-benzenedicarboxylic acid	2.842560683	2.842560683
reaction	K14163	EPRS	-5.107281445	5.107281445
reaction	K01781	mdlA	-1.246432012	1.246432012
metabolite	IWYDHOAUDWTVEP	r-(-)-mandelic acid	3.029346347	3.029346347
reaction	K06101	ASH1L	-6.6690417	6.6690417
reaction	K11419	SUV39H, CLR4	-5.532429118	5.532429118
reaction	K11427	DOT1L, DOT1	2.797018318	2.797018318
reaction	K11422	SETD1, SET1	-1.675111657	1.675111657
reaction	K13540	cobIJ	-0.726294596	0.726294596
reaction	K01039	gctA	1.984450025	1.984450025
reaction	K01040	gctB	1.862352285	1.862352285
reaction	K02812	sorF, sorA	-3.956749843	3.956749843
reaction	K02814	sorA, sorC	2.065724266	2.065724266
reaction	K02815	sorM, sorD	5.499934938	5.499934938
reaction	K02813	sorB	-5.585148668	5.585148668
reaction	K13713	purCD	-5.032868733	5.032868733
reaction	K01945	purD	1.076787734	1.076787734
metabolite	LJUQGASMPRMWIW	5,6-dimethylbenzimidazole	-0.835202692	0.835202692
reaction	K15054	mdlB	-1.456858129	1.456858129
reaction	K00831	serC, PSAT1	0.971860206	0.971860206
reaction	K20811	inuJ	-2.336975364	2.336975364
reaction	K00840	astC	1.057466035	1.057466035
reaction	K03428	bchM, chlM	2.426357936	2.426357936
reaction	K02753	ascF	-1.4828891	1.4828891
metabolite	NGFMICBWJRZIBI	salicin	-1.442405233	1.442405233
reaction	K00549	metE	1.116069428	1.116069428
reaction	K01952	PFAS, purL	1.12236618	1.12236618
reaction	K02500	hisF	-0.507602948	0.507602948
reaction	K01663	HIS7	-2.539336253	2.539336253
reaction	K02501	hisH	0.806908489	0.806908489
reaction	K01923	purC	1.699805358	1.699805358
reaction	K00591	COQ3	-2.321782438	2.321782438
reaction	K01130	E3.1.6.1	-0.822085213	0.822085213
reaction	K01134	ARSA	-2.910003239	2.910003239
reaction	K11429	SUV420H	-1.212988901	1.212988901
metabolite	RGHMISIYKIHAJW	3,4-dihydroxymandelic acid	2.8426082	2.8426082
metabolite	CGQCWMIAEPEHNQ	vanillylmandelic acid	2.271756493	2.271756493
reaction	K00568	ubiG	0.776731096	0.776731096
reaction	K18075	tphA3	-4.602565973	4.602565973
reaction	K18077	tphA1	-3.514922407	3.514922407
metabolite	KKEYFWRCBNTPAC	terephthalic acid	2.842508504	2.842508504
reaction	K00595	cobL-cbiET	0.58694827	0.58694827
reaction	K13541	cbiGH-cobJ	-0.64087868	0.64087868
reaction	K05936	cobM, cbiF	0.935786262	0.935786262
reaction	K02804	nagE	0.823596378	0.823596378
reaction	K02228	cobF	-4.607272408	4.607272408
reaction	K02232	cobQ, cbiP	1.170542334	1.170542334
reaction	K05549	benA-xylX	-1.826130538	1.826130538
reaction	K05550	benB-xylY	-2.716113166	2.716113166
reaction	K05784	benC-xylZ	-3.192095934	3.192095934
metabolite	ZWLPBLYKEWSWPD	2-methylbenzoic acid	2.147205145	2.147205145
reaction	K10437	PHAA, PHACA, CYP504A1	-1.180319808	1.180319808
reaction	K01885	EARS, gltX	0.76446922	0.76446922
metabolite	KXDAEFPNCMNJSK	benzamide	-3.310370329	3.310370329
reaction	K04116	aliA	-4.284597328	4.284597328
reaction	K18277	tmm	-0.93470375	0.93470375
reaction	K03851	tpa	-3.005377799	3.005377799
metabolite	MWOOGOJBHIARFG	vanillin	3.066739064	3.066739064
reaction	K05368	fre, ubiB	-1.595932156	1.595932156
reaction	K18383	ferB	-3.992267443	3.992267443
reaction	K10533	E3.3.2.8	-5.82180942	5.82180942
metabolite	CCEFMUBVSUDRLG	limonene-1,2-epoxide	-1.474931409	1.474931409
reaction	K03399	cbiE	0.578571571	0.578571571
reaction	K01228	MOGS	3.001043361	3.001043361
reaction	K05546	GANAB	-5.341930007	5.341930007
reaction	K14733	limB	-7.229375699	7.229375699
reaction	K13310	desV, eryCI	5.279007539	5.279007539
reaction	K16436	evaB, megDII, angB, staI	0.886309614	0.886309614
reaction	K04709	LAG1, LAC1	-2.243883375	2.243883375
reaction	K04713	SUR2	1.195354279	1.195354279
metabolite	AERBNCYCJBRYDG	phytosphingosine	2.131999176	2.131999176
reaction	K16016	rifK, asm24, asm43	-1.178698113	1.178698113
reaction	K16423	hpgT, nocG	3.590882138	3.590882138
reaction	K01044	CES1	-3.742101195	3.742101195
reaction	K05710	hcaC	1.151043691	1.151043691
reaction	K05708	hcaE, hcaA1	-6.069639532	6.069639532
reaction	K14520	hapE	-6.315076342	6.315076342
metabolite	HBMCQTHGYMTCOF	4-acetoxyphenol	3.029345281	3.029345281
metabolite	WHSXTWFYRGOBGO	3-cresotinic acid	3.029345664	3.029345664
metabolite	NJESAXZANHETJV	2-hydroxy-4-methylbenzoic acid	3.751993739	3.751993739
reaction	K00836	ectB, dat	1.982555097	1.982555097
reaction	K15785	doeD	-2.70211822	2.70211822
reaction	K06720	ectC	-2.042676259	2.042676259
metabolite	WQXNXVUDBPYKBA	ectoine	-1.55052585	1.55052585
reaction	K17738	ARD	4.832643865	4.832643865
reaction	K17818	ARD1	-6.915519017	6.915519017
reaction	K00594	xyoA, aldO	-6.681618791	6.681618791
reaction	K18361	padB	-1.144357319	1.144357319
reaction	K05928	E2.1.1.95	-4.37077659	4.37077659
reaction	K01858	INO1, ISYNA1	1.724556122	1.724556122
reaction	K17742	SOU1	-3.174963301	3.174963301
reaction	K06989	nadX, ASPDH	-0.904235928	0.904235928
reaction	K00499	CMO	-1.351007921	1.351007921
reaction	K09470	puuA	0.697801665	0.697801665
reaction	K09473	puuD	-1.01620769	1.01620769
reaction	K06215	pdxS, pdx1	1.297494042	1.297494042
reaction	K08681	pdxT, pdx2	0.605860205	0.605860205
reaction	K03153	thiO	-0.720245337	0.720245337
reaction	K09846	crtF	-3.348813088	3.348813088
reaction	K10206	E2.6.1.83	0.797203178	0.797203178
reaction	K19795	E3.5.1.95	6.159822645	6.159822645
reaction	K02364	entF	1.410750342	1.410750342
reaction	K02363	entE, dhbE, vibE, mxcE	1.534344336	1.534344336
reaction	K07806	arnB, pmrH	-1.102769471	1.102769471
reaction	K00064	E1.1.1.122	-0.637002361	0.637002361
reaction	K02188	cbiD	0.701361017	0.701361017
reaction	K01136	IDS	-2.610123378	2.610123378
reaction	K01565	SGSH	-6.458675918	6.458675918
reaction	K01205	NAGLU	2.646777034	2.646777034
reaction	K01135	ARSB	2.3502592	2.3502592
metabolite	YAPQBXQYLJRXSA	theobromine	-5.134825582	5.134825582
metabolite	QUNWUDVFRNGTCO	paraxanthine	-5.134847901	5.134847901
reaction	K10674	ectD	-4.221747321	4.221747321
reaction	K13776	atuH	1.313215921	1.313215921
metabolite	GLVAUDGFNGKCSF	6-mercaptopurine	2.776951837	2.776951837
reaction	K00569	TPMT, tpmT	4.956532902	4.956532902
metabolite	TWBYWOBDOCUKOW	4-pyridinecarboxylic acid	4.251067733	4.251067733
reaction	K00485	FMO	0.867207551	0.867207551
reaction	K02744	agaF	-1.035476576	1.035476576
reaction	K02747	agaE	2.410135884	2.410135884
reaction	K02745	agaV	2.489916835	2.489916835
reaction	K02746	agaW	2.174883935	2.174883935
reaction	K10986	agaD	5.787736991	5.787736991
reaction	K10985	agaC	-1.776050199	1.776050199
reaction	K13317	eryBIII, tylCIII, tylC3	-0.678364103	0.678364103
reaction	K13057	treT	3.214085431	3.214085431
reaction	K13063	phzE	3.44704856	3.44704856
reaction	K13621	BTA1	-3.039522996	3.039522996
reaction	K13623	btaB	0.596723777	0.596723777
reaction	K13747	nspC	1.205785052	1.205785052
reaction	K04719	bluB	-3.464596397	3.464596397
reaction	K09722	K09722, pps	-6.923280292	6.923280292
reaction	K12234	cofE	-4.601065678	4.601065678
reaction	K18029	nicA	-1.034599256	1.034599256
reaction	K19696	mtiP	-6.946012804	6.946012804
reaction	K15376	GPHN	-1.186328323	1.186328323
reaction	K03750	moeA	0.585537188	0.585537188
reaction	K06127	COQ5	-5.60490666	5.60490666
reaction	K05830	lysJ, argD	-4.983781456	4.983781456
reaction	K05523	hchA	-1.18137703	1.18137703
reaction	K15786	doeC	-7.329884502	7.329884502
reaction	K09018	rutA	-2.166873373	2.166873373
reaction	K09024	rutF	1.761529666	1.761529666
reaction	K18675	chbP	-3.111152293	3.111152293
reaction	K16044	iolW	2.144972497	2.144972497
reaction	K18896	gsmt	-1.01711937	1.01711937
reaction	K18897	sdmt	-6.4651405	6.4651405
reaction	K03894	iucA	-0.741427444	0.741427444
reaction	K03895	iucC	-2.368701969	2.368701969
reaction	K17226	soxY	-7.957639126	7.957639126
reaction	K17224	soxB	-0.536530489	0.536530489
reaction	K17225	soxC	0.918797678	0.918797678
reaction	K17223	soxX	-2.272223969	2.272223969
reaction	K11816	YUCCA	-2.202733917	2.202733917
reaction	K06164	phnI	-1.056907741	1.056907741
reaction	K06165	phnH	-6.470960347	6.470960347
reaction	K06166	phnG	-7.730210646	7.730210646
reaction	K17216	mccA	2.296424247	2.296424247
reaction	K17363	urdA	0.81666196	0.81666196
reaction	K18118	aarC, cat1	0.693901768	0.693901768
reaction	K17462	yrrT	3.140638318	3.140638318
reaction	K19243	azf	-1.792826283	1.792826283
reaction	K03146	THI4, THI1	-2.655122725	2.655122725
reaction	K21196	phnZ	-3.47437262	3.47437262
reaction	K21195	phnY	6.493441728	6.493441728
reaction	K18687	fadD3	1.994243824	1.994243824
reaction	K20034	dmdB	-1.995957897	1.995957897
reaction	K05375	mbtH, nocI	2.076698332	2.076698332
reaction	K07008	egtC	-2.600369463	2.600369463
reaction	K20170	nicA1	-2.026332562	2.026332562
reaction	K21308	soeB	1.413570494	1.413570494
reaction	K21310	mddA	2.436855183	2.436855183
reaction	K21479	cbiH60	2.950177064	2.950177064
reaction	K22012	cfbB	-4.930477136	4.930477136
reaction	K21949	sbnA	-0.585707753	0.585707753
reaction	K00491	nos	-7.233312111	7.233312111
reaction	K11781	cofH	-2.001043884	2.001043884
reaction	K11779	fbiC	-3.278034428	3.278034428
reaction	K01230	MAN1A_C, MNS1_2	0.935247214	0.935247214
